SKU Codigo SAP,DescripciO del articulo,Observacion,Isometrico
VBAN05-0003-000-0100,MUEBLE BASICO ELEVADO LVM 48X43 CON MANIJAS BLANCO,,
VBAN05-0009-000-0100,MUEBLE BASICO ELEVADO LVM 63X48 CON MANIJAS BLANCO,,
VBAN05-0010-000-0100,RH MUEBLE BASICO ELEVADO LVM 63X48 CON MANIJAS BLANCO,,
VBAN05-0012-000-0100,MUEBLE MONET ELEVADO LVM 63X48 BLANCO,,
VBAN05-0015-000-0100,MUEBLE BASICO PISO LVM 63X48 BLANCO,,
VBAN05-0019-000-0100,MUEBLE TIZIANO ELEVADO LVM 79X48 BLANCO,,
VBAN05-0020-000-0100,RH MUEBLE TIZIANO ELEVADO LVM 79X48 BLANCO,,
VBAN05-0022-000-0100,RH MUEBLE BASICO ELEVADO LVM 48X38 CON MANIJAS BLANCO,,
VBAN05-0025-000-0100,RH MUEBLE MONET ELEVADO LVM 63X48 BLANCO,,
VBAN05-0029-000-0100,RH MUEBLE BASICO PISO LVM 48X38 BLANCO,,
VBAN05-0029-CME-0100,RH MUEBLE BASICO PISO LVM 48X38 BLANCO - MANIJA NEGRA,,
VBAN05-0029-MRH-0100,RH MUEBLE BASICO PISO LVM 48X38 BLANCO,,
VBAN05-0033-000-0100,RH MUEBLE BASICO ELEVADO LVM 48X43 CON MANIJAS BLANCO,,
VBAN05-0033-PRO-0100,RH MUEBLE BASICO ELEVADO LVM 48X43 CON MANIJAS PROMART BLANCO,,
VBAN05-0039-000-0100,MUEBLE VALDEZ PISO LVM 48X43 BLANCO,,
VBAN05-0051-000-0100,MUEBLE VALDEZ ELEVADO LVM 48X43 BLANCO,,
VBAN05-0052-000-0100,RH MUEBLE VALDEZ PISO LVM 48X43 BLANCO,,
VBAN05-0058-000-0100,RH MUEBLE VALDEZ ELEVADO LVM 48X43 BLANCO,,
VBAN05-0059-000-0100,MUEBLE BASICO PISO LVM 79X48 BLANCO,,
VBAN05-0060-000-0100,MUEBLE BASICO PISO LVM 94X48 BLANCO,,
VBAN05-0061-MRH-0100,RH MUEBLE BASICO PISO LVM 124X48 BLANCO,,
VBAN05-0063-000-0100,MUEBLE RAYO 40X30 BLANCO,,
VBAN05-0065-000-0100,MUEBLE LVM TIZIANO ELEVADO 63X48 BLANCO,,
VBAN05-0068-000-0100,RH MUEBLE RAYO 40X30 BLANCO,,
VBAN05-0070-000-0100,RH MUEBLE BASICO PISO LVM 40X30 CON MANIJAS BLANCO,,
VBAN05-0071-000-0100,MUEBLE RAYO 63X48 BLANCO,,
VBAN05-0077-000-0100,MUEBLE MACAO LIFE LVM 79X48 BLANCO,,
VBAN05-0078-000-0100,MUEBLE MACAO LIFE LVM 63X48 BLANCO,,
VBAN05-0081-000-0100,RH MUEBLE SOPORTE 48X43 BLANCO,,
VBAN05-0082-000-0100,RH MUEBLE SOPORTE 40X30 BLANCO,,
VBAN05-0083-000-0100,RH MUEBLE SOPORTE 63x48 BLANCO,,
VBAN05-0084-000-0100,RH MUEBLE SOPORTE 48X38 BLANCO,,
VBAN05-0087-000-0100,RH MUEBLE BASICO ELEVADO LVM 63X48 SIN MANIJAS BLANCO,,
VBAN05-0088-000-0100,MUEBLE BASICO ELEVADO LVM 63X48 SIN MANIJAS BLANCO,,
VBAN05-0089-MRH-0100,RH MUEBLE LVM TIZIANO ELEVADO 63X48 BLANCO,,
VBAN05-0092-000-0100,RH MUEBLE BASICO PISO LVM 63X48 BLANCO,,
VBAN05-0093-000-0100,RH MUEBLE BASICO ELEVADO LVM 48X43 SIN MANIJAS BLANCO,,
VBAN05-0094-000-0100,MUEBLE BASICO ELEVADO LVM 48X43 SIN MANIJAS BLANCO,,
VBAN05-0096-000-0100,RH MUEBLE MACAO LIFE LVM 63X48 BLANCO,,
VBAN05-0098-000-0100,RH MUEBLE LVM TIZIANO ELEVADO 124X48 BLANCO,,
VBAN05-0099-000-0100,RH MUEBLE BASICO PISO LVM 79X48 BLANCO,,
VBAN05-0100-000-0100,MUEBLE BASICO ELEVADO LVM 79X48 SIN MANIJAS BLANCO,,
VBAN05-0101-000-0100,RH MUEBLE BASICO PISO LVM 94X48 BLANCO,,
VBAN05-0102-000-0100,RH MUEBLE LVM TIZIANO ELEVADO 94X48 BLANCO,,
VBAN05-0103-000-0100,RH MUEBLE RAYO 63X48 BLANCO,,
VBAN05-0104-000-0100,RH MUEBLE RAYO 48X38 BLANCO,,
VBAN05-0105-000-0100,RH MUEBLE RAYO 48X43 BLANCO,,
VBAN05-0106-000-0100,RH MUEBLE MACAO LIFE LVM 79X48 BLANCO,,
VBAN05-0107-000-0100,RH MUEBLE BASICO ELEVADO LVM 79X48 SIN MANIJAS BLANCO,,
VBAN05-0110-MRH-0100,RH MUEBLE BASICO PISO LVM 48X43 BLANCO,,
VBAN05-0111-CHT-0100,RH MUEBLE BASICO PISO LVM 40X30 SIN MANIJAS BLANCO-CHILEMAT,,
VBAN05-0111-MRH-0100,RH MUEBLE BASICO PISO LVM 40X30 SIN MANIJAS BLANCO,,
VBAN05-0112-CHT-0100,RH MUEBLE BASICO ELEVADO LVM 40X30 SIN MANIJAS BLANCO-CHILEMAT,,
VBAN05-0112-DAC-0100,RH MUEBLE BASICO ELEVADO LVM 40X30 SIN MANIJAS D-ACQUA BLANCO,,
VBAN05-0112-MRH-0100,RH MUEBLE BASICO ELEVADO LVM 40X30 SIN MANIJAS BLANCO,,
VBAN05-0113-DAC-0100,RH MUEBLE BASICO ELEVADO LVM 40X30 CON MANIJAS D-ACQUA BLANCO,,
VBAN05-0113-MRH-0100,RH MUEBLE BASICO ELEVADO LVM 40X30 CON MANIJAS BLANCO,,
VBAN05-0114-MRH-0100,RH MUEBLE MISUS LIFE LVM 79X48 BLANCO,,
VBAN05-0116-MRH-0100,RH MUEBLE VALDEZ PISO LVM 63X48 BLANCO,,
VBAN05-0119-MRH-0100,RH MUEBLE BASICO ELEVADO LVM 48X38 SIN MANIJAS BLANCO,,
VBAN05-0125-MRH-0100,RH MUEBLE DA VINCI PISO LVM 48X43 BLANCO,,
VBAN05-0126-MRH-0100,RH MUEBLE POLOCK ELEVADO LVM 48X43 BLANCO,,
VBAN05-0127-MRH-0100,RH MUEBLE MACAO LIFE LVM 48X43 CANTO 2MM FULL EXTENSION BLANCO,,
VBAN05-0128-MRH-0100,RH MUEBLE POLOCK ELEVADO LVM 48X38 BLANCO,,
VBAN05-0130-MRH-0100,RH MUEBLE LVM PICASSO LIFE ELEVADO 63X48 BLANCO,,
VBAN05-0131-MRH-0100,RH MUEBLE BASICO ELEVEADO 63X48 PUERTA SHAKER BLANCO,,
VBAN05-0132-MRH-0100,RH MUEBLE VEGA PISO 63X48 BLANCO,,
VBAN05-0134-MRH-0100,RH MUEBLE BASICO ELEVADO 60X40 SIN MANIJAS BLANCO,,
VBAN05-0135-MRH-0100,RH MUEBLE BASICO ELEVADO 80X47 SIN MANIJAS BLANCO,,
VBAN05-0136-MRH-0100,RH MUEBLE BASICO ELEVADO 120X47 SIN MANIJAS BLANCO,,
VBAN05-0137-MRH-0100,RH MUEBLE ELEVADO LVM 44.5X43.5 SIN MANIJAS BLANCO,,
VBAN05-0138-MRH-0100,RH MUEBLE PISO LVM 44.5X43.5 BLANCO,,
VBAN05-0139-MRH-0100,RH MUEBLE CALDER ELEVADO LVM 48X43 SIN MANIJAS BLANCO,,
VBAN05-0140-MRH-0100,RH MUEBLE POLOCK ELEVADO LVM 63X48 BLANCO,,
VBAN05-0142-000-1353,MUEBLE BASICO PISO LVM 63X48 BLANCO RH/GRACIA-SIKUANI,,
VBAN06-0001-000-0100,ESPEJO CON LATERALES EN MADERA 50X60 MD268 BLANCO,OTRO FORMATO ETIQUETA,
VBAN06-0010-000-0100,GABINETE SUPERIOR ARMADO BA�O 40CM CON PUERTA BLANCO,OTRO FORMATO ETIQUETA,
VBAN06-0010-FMT-0100,GABINETE SUPERIOR ARMADO BA�O 40CM CON PUERTA BLANCO-FERMETAL,OTRO FORMATO ETIQUETA,
VBAN06-0011-000-0100,GABINETE SUPERIOR ARMADO BA�O 60CM BLANCO,OTRO FORMATO ETIQUETA,
VBAN06-0011-MRH-0100,RH GABINETE SUPERIOR ARMADO BA�O 60CM BLANCO,OTRO FORMATO ETIQUETA,
VBAN06-0012-000-0100,GABINETE UNICO CON ESPEJO ARMADO BA�O 48X60CM BLANCO,OTRO FORMATO ETIQUETA,
VBAN06-0013-000-0100,GABINETE UNICO CON ESPEJO ARMADO BA�O 63X60CM BLANCO,OTRO FORMATO ETIQUETA,
VBAN06-0014-000-0100,GABINETE UNICO CON ESPEJO ARMADO BA�O 79X60CM BLANCO,OTRO FORMATO ETIQUETA,
VBAN06-0016-000-0100,ESPEJO CON MARCO 48X63 CM BLANCO,OTRO FORMATO ETIQUETA,
VBAN06-0016-FMT-0100,ESPEJO CON MARCO 48X63 CM BLANCO-FERMETAL,OTRO FORMATO ETIQUETA,
VBAN06-0017-000-0100,ESPEJO CON MARCO 63X79 CM BLANCO,OTRO FORMATO ETIQUETA,
VBAN06-0019-000-0100,ESPEJO CON MARCO 124X60 CM BLANCO,OTRO FORMATO ETIQUETA,
VBAN06-0019-MRH-0100,RH ESPEJO CON MARCO 124X60 CM BLANCO,OTRO FORMATO ETIQUETA,
VBAN06-0032-000-0100,RH GABINETE SUPERIOR ARMADO BA�O 90CM BLANCO,OTRO FORMATO ETIQUETA,
VBAN12-0009-000-0100,RH MUEBLE MACAO CLASS LVM 79X48 CANTO 2MM CIERRE LENTO BLANCO,,
VBAN12-0010-000-0100,RH MUEBLE MACAO CLASS LVM 63X48 CANTO 2MM CIERRE LENTO BLANCO,,
VBAN12-0014-MRH-0100,RH MUEBLE MISUS LVM 94X48 CANTO 2MM CIERRE LENTO OCULTO BLANCO,,
VBAN12-0015-MRH-0100,RH MUEBLE GRECO LVM 94X48 CANTO 1.5MM CIERRE OCULTO BLANCO,,
VBAN12-0017-000-0100,RH MUEBLE MACAO CLASS LVM 94X48 CANTO 2MM CIERRE LENTO BLANCO,,
VBAN12-0020-000-0100,RH MUEBLE MACAO CLASS LVM 124X48 CANTO 2MM CIERRE LENTO BLANCO,,
VBAN12-0032-000-0100,MUEBLE VITELI LVM 79X48 CANTO 2MM CIERRE LENTO OCULTO BLANCO,,
VBAN12-0035-000-0100,MUEBLE MACAO CLASS LVM 79X48 CANTO 2MM CIERRE LENTO BLANCO,,
VBAN12-0038-000-0100,RH MUEBLE VITELI LVM 79X48 CANTO 2MM CIERRE LENTO OCULTO BLANCO,,
VBAN12-0049-000-0100,RH MUEBLE VITELI LVM 94X48 CANTO 2MM CIERRE LENTO OCULTO BLANCO,,
VBAN12-0055-000-0100,RH MUEBLE VITELI LVM 124X48 CANTO 2MM CIERRE LENTO OCULTO BLANCO,,
VBAN12-0058-000-0100,RH MUEBLE MISUS LVM 63X48 CANTO 2MM CIERRE LENTO OCULTO BLANCO,,
VBAN12-0059-000-0100,RH MUEBLE MISUS LVM 79X48 CANTO 2MM CIERRE LENTO OCULTO BLANCO,,
VBAN12-0060-000-0100,RH MUEBLE VITELI LVM 63X48 CANTO 2MM CIERRE LENTO OCULTO BLANCO,,
VBAN12-0063-000-0100,RH MUEBLE GRECO LVM 63X48 CANTO 1.5MM CIERRE OCULTO BLANCO,,
VBAN12-0064-000-0100,RH MUEBLE GRECO LVM 79X48 CANTO 1.5MM CIERRE OCULTO BLANCO,,
VBAN12-0065-000-0100,RH MUEBLE SOPORTE Y ESTRUCTURA GODAI LVM 48X43 BLANCO,,
VBAN12-0066-000-0100,RH CUBO-CAJON GODAI 48X43 CIERRE SUAVE CANTO 2MM BLANCO,,
VBAN12-0067-000-0100,RH MUEBLE SOPORTE GODAI 48X43 BLANCO,,
VBAN12-0068-000-0100,RH CUBO GODAI 48X43 BLANCO,,
VBAN12-0069-000-0100,RH MUEBLE SOPORTE Y ESTRUCTURA CON ENTREPA�O GODAI LVM 48X43 BLANCO,,
VBAN12-0070-000-0100,RH MUEBLE SOPORTE Y ESTRUCTURA GODAI LVM 63X48 BLANCO,,
VBAN12-0071-000-0100,RH CUBO-CAJON GODAI 63X48 CIERRE SUAVE CANTO 2MM BLANCO,,
VBAN12-0072-000-0100,RH MUEBLE SOPORTE GODAI 63X48 BLANCO,,
VBAN12-0073-000-0100,RH CUBO GODAI 63X48 BLANCO,,
VBAN12-0074-000-0100,RH MUEBLE SOPORTE Y ESTRUCTURA CON ENTREPA�O GODAI LVM 63X48 BLANCO,,
VBAN12-0076-000-0100,RH MUEBLE SOPORTE Y ESTRUCTURA CON ENTREPA�O GODAI LVM 79X48 BLANCO,,
VBAN12-0077-000-0100,RH CUBO-CAJON GODAI 79X48 CIERRE SUAVE CANTO 2MM BLANCO,,
VBAN12-0078-000-0100,RH MUEBLE SOPORTE GODAI 79X48 BLANCO,,
VBAN12-0079-000-0100,RH CUBO GODAI 79X48 BLANCO,,
VBAN12-0080-000-0100,RH MUEBLE GRECO LVM 124X48 CANTO 1.5MM CIERRE OCULTO BLANCO,,
VBAN12-0082-MRH-0100,RH MUEBLE THALOS CLASS LVM 79X48 BLANCO,,
VBAN12-0083-000-0100,RH MUEBLE MACAO CLASS LVM 48X43 CANTO 2MM CIERRE LENTO BLANCO,,
VBAN12-0084-MRH-0100,RH MUEBLE MACAO CLASS LVM 155X48 CANTO 2MM CIERRE LENTO BLANCO,,
VBAN12-0087-MRH-0100,RH MUEBLE OTUS 63X48 CANTO 2MM RIEL FULL EXTENSION BLANCO,,
VBAN12-0091-MRH-0100,RH MUEBLE ZACURA ELEVADO 63X48 BLANCO,,
VBAN22-0021-MRH-0100,RH MUEBLE MACAO CLASS LVM 63X48 CANTO 2MM CIERRE LENTO ARMADO C/SIENA BLANCO,,
VBAN22-0082-000-0100,RH MUEBLE MACAO CLASS LVM 63X48 CANTO 2MM CIERRE LENTO ARMADO C/OSLO BLANCO,,
VBAN23-0110-000-0100,RH MUEBLE MONET ELEVADO LVM 63X48 ARMADO C/OSLO BLANCO,,
VBAN23-0112-MRH-0100,RH MUEBLE MONET ELEVADO LVM 63X48 ARMADO C/SIENA BLANCO,,
VBAN24-0022-000-0100,RH MUEBLE BASICO ELEVADO LVM 48X38 ARMADO C/ LVM ECO BLANCO,,
VBAN24-0104-000-0100,RH MUEBLE RAYO 48X38 ARMADO C/ LVM ECO BLANCO,,
VBAN24-0113-000-0100,RH MUEBLE BASICO ELEVADO LVM 79X48 SIN MANIJAS ARMADO C/SIENA BLANCO,,
VBAN30-0001-MRH-0100,RH MUEBLE AUXILIAR BASICO PISO PARA SANITARIO 60X21.5 BLANCO,,
VBAN31-0001-MRH-0100,RH TAPA LVM VESSEL 63X48 BLANCO,,
VBAN31-0002-MRH-0100,RH TAPA LVM VESSEL 48X43 BLANCO,,
VBAN31-0003-MRH-0100,RH TAPA LVM VESSEL 79X48 BLANCO,,
VCLO01-0010-MRH-0100,HRJ WCC2094 3SH-2DR CON ACCESORIOS BLANCO NEVADO SOFT RH,NO NECESITA ETIQUETA,
VCLO01-0011-MRH-0100,HRJ WCC209422 3SH-2DR CON ACCESORIOS BLANCO NEVADO SOFT RH,NO NECESITA ETIQUETA,
VCLO01-0013-MRH-0100,PARTE 1 HRJ WCC4694 1H-4SH-2DR CON DIVISION CON ACCESORIOS BLANCO NEVADO SOFT RH,NO NECESITA ETIQUETA,
VCLO01-0014-MRH-0100,PARTE 2 HRJ WCC4694 1H-4SH-2DR CON DIVISION CON ACCESORIOS BLANCO NEVADO SOFT RH,NO NECESITA ETIQUETA,
VCLO01-0016-MRH-0100,PARTE 2 HRJ WCC4594 2H-3SH-2DR CON DIVISION CON ACCESORIOS BLANCO NEVADO SOFT RH,NO NECESITA ETIQUETA,
VCLO01-0018-MRH-0100,PARTE 2 HRJ WCC4094 2H-3SH-2DR CON DIVISION CON ACCESORIOS BLANCO NEVADO SOFT RH,NO NECESITA ETIQUETA,
VCOC01-0037-000-0100,RH MUEBLE INFERIOR COCINA 150CM 2 PUERTAS VIVE BLANCO,,
VCOC01-0039-MRH-0100,RH MUEBLE SUPERIOR COCINA AMBAR 150CM PARA CAMPANA CANTO 2MM BLANCO,,
VCOC01-0041-000-0100,MUEBLE SUPERIOR COCINA AMBAR 180CM PARA CAMPANA CANTO 2MM BLANCO,,
VCOC01-0041-000-1306,MUEBLE SUPERIOR COCINA AMBAR 180CM PARA CAMPANA CANTO 2MM CARBONO/BLANCO RH,,
VCOC01-0043-000-0100,MUEBLE INFERIOR COCINA AMBAR 180x60CM CANTO 2MM 1C 5P BLANCO,,
VCOC01-0043-000-1306,MUEBLE INFERIOR COCINA AMBAR 180X60CM CANTO 2MM 1C 5P CARBONO/BLANCO RH,,
VCOC01-0044-000-0100,RH MUEBLE SUPERIOR COCINA AMBAR 180CM PARA CAMPANA CANTO 2MM BLANCO,,
VCOC01-0044-KND-0100,RH MUEBLE SUPERIOR COCINA AMBAR 180CM PARA CAMPANA CANTO 2MM BLANCO-KENNEDY,,
VCOC01-0045-000-0100,RH MUEBLE INFERIOR COCINA AMBAR 180x55CM CANTO 2MM BLANCO,,
VCOC01-0050-MRH-0100,RH MUEBLE INFERIOR COCINA AMBAR 150x60CM CANTO 2MM 1C 4P BLANCO,,
VCOC01-0050-RFM-0100,RH MUEBLE INFERIOR COCINA AMBAR 150X60CM CANTO 2MM 1C 4P BLANCO-FERMETAL,,
VCOC01-0060-000-0100,RH MUEBLE INFERIOR COCINA AMBAR 180x60CM CANTO 2MM 1C 5P BLANCO,,
VCOC01-0060-KND-0100,RH MUEBLE INFERIOR COCINA AMBAR 180x60CM CANTO 2MM 1C 5P BLANCO-KENNEDY,,
VCOC01-0060-RFM-0100,RH MUEBLE INFERIOR COCINA AMBAR 180X60CM CANTO 2MM 1C 5P BLANCO-FERMETAL,,
VCOC01-0061-000-0100,RH MUEBLE INFERIOR COCINA AMBAR 150X55CM CANTO 2MM 1C 4P BLANCO,,
VCOC01-0062-000-0100,RH MUEBLE SUPERIOR COCINA AMBAR 150CM PARA CAMPANA CANTO 2MM BLANCO,,
VCOC01-0063-000-0100,RH MUEBLE INFERIOR COCINA AMBAR 150x60CM CANTO 2MM 1C 4P BLANCO,,
VCOC01-0064-000-0100,MUEBLE BARRA COCINA AMBAR 120x55CM CANTO 2MM BLANCO,,
VCOC01-0065-000-0100,RH MUEBLE BARRA COCINA AMBAR 120x55CM CANTO 2MM BLANCO,,
VCOC01-0065-RFM-0100,RH MUEBLE BARRA COCINA AMBAR 120X55CM CANTO 2MM BLANCO-FERMETAL,,
VCOC01-0066-000-0100,RH MUEBLE ALACENA AMBAR 60CM CANTO 2MM BLANCO,,
VCOC01-0067-000-0100,RH MUEBLE ALACENA AMBAR 60CM CANTO 2MM BLANCO,,
VCOC01-0067-RFM-0100,RH MUEBLE ALACENA AMBAR 60CM CANTO 2MM BLANCO-FERMETAL,,
VCOC01-0069-PTT-0437,MUEBLE PROTOTIPO COCINA OREL 180,NO NECESITA ETIQUETA,
VCOC01-0069-PTT-0437,MUEBLE PROTOTIPO COCINA OREL 180,NO NECESITA ETIQUETA,
VCOC01-0069-PTT-0467,MUEBLE PROTOTIPO COCINA OBSI PLUS 120X55,NO NECESITA ETIQUETA,
VCOC01-0069-PTT-0467,MUEBLE PROTOTIPO COCINA OBSI PLUS 120X55,NO NECESITA ETIQUETA,
VCOC01-0071-PTT-0467,MUEBLE PROTOTIPO COCINA OBSI PLUS 180X60,NO NECESITA ETIQUETA,
VCOC01-0071-PTT-0467,MUEBLE PROTOTIPO COCINA OBSI PLUS 180X60,NO NECESITA ETIQUETA,
VCOC01-0072-PTT-0467,MUEBLE PROTOTIPO COCINA OBSI PLUS 150X60,NO NECESITA ETIQUETA,
VCOC01-0072-PTT-0467,MUEBLE PROTOTIPO COCINA OBSI PLUS 150X60,NO NECESITA ETIQUETA,
VCOC01-0074-MRH-0100,RH MUEBLE INFERIOR COCINA VIVE 150X55 CON ESPALDAR BLANCO,,
VCOC01-0075-MRH-0100,RH MBLE SUP COCINA GEOS 210X60CM MODULO P BASCULANTES 53X36.5CM BLANCO,,
VCOC01-0076-MRH-0100,RH MBLE SUP COCINA GEOS 210X60CM MODULO MOVIL 30X36.5CM BLANCO,,
VCOC01-0077-MRH-0100,RH MBLE SUP COCINA GEOS 210X60CM MODULO LOCERO 64X36.5CM BLANCO,,
VCOC01-0078-MRH-0100,RH MBLE SUP COCINA GEOS 210X60CM MODULO CUBO AUXILIAR 83X20CM BLANCO,,
VCOC01-0079-MRH-0100,RH MBLE SUP COCINA GEOS 210X60CM MODULO PARA CAMPANA 630X45CM BLANCO,,
VCOC01-0079-PTT-1353,MUEBLE PROTOTIPO BASICO PISO LVM 63X48 BLANCO RH/GRACIA-SIKUANI,NO NECESITA ETIQUETA,
VCOC01-0080-MRH-0100,RH MBLE INF COCINA GEOS 210X60CM MODULO LAVAPLATOS 91X59CM BLANCO,,
VCOC01-0081-MRH-0100,RH MBLE INF COCINA GEOS 210X60CM MODULO HORNO 72.2X59CM BLANCO,,
VCOC01-0082-MRH-0100,RH MBLE INF COCINA GEOS 210X60CM MODULO CAJONES 44.8X59CM BLANCO,,
VCOC01-0083-MRH-0100,RH MUEBLE BARRA COCINA GEOS 160X90 BLANCO,,
VCOC01-0084-RFM-0100,RH MUEBLE SUPERIOR COCINA 80CM PARA CAMPANA BLANCO-FERMETAL,,
VCOC01-0085-RFM-0100,RH MUEBLE SUPERIOR COCINA 70CM BLANCO-FERMETAL,,
VCOC01-0086-RFM-0100,RH MUEBLE SUPERIOR COCINA 40CM BLANCO-FERMETAL,,
VCOC01-0087-RFM-0100,RH MUEBLE SUPERIOR COCINA 110CM BLANCO-FERMETAL,,
VCOC01-0088-RFM-0100,RH MUEBLE INFERIOR COCINA 55CM BLANCO-FERMETAL,,
VCOC01-0089-RFM-0100,RH MUEBLE SUPERIOR COCINA 55CM BLANCO-FERMETAL,,
VCOC01-0090-MRH-0100,RH MUEBLE INFERIOR COCINA AMBAR 120X55CM CANTO 2MM 1C 4P BLANCO,,
VCOC01-0091-MRH-0100,RH MUEBLE SUPERIOR COCINA AMBAR 120CM PARA CAMPANA CANTO 2MM BLANCO,,
VCOC01-0095-000-0100,RH MBLE INF 70 COC GEOS 2P 1 ENTREPA�O BLANCO,,
VCOC01-0098-MRH-0100,MBLE SUP COCINA GEOS MODULO CUBO AUXILIAR OPEN SHELF 53X20CM BLANCO,,
VCOC01-0099-000-0100,RH MBLE INF 65 COC GEOS 2P 1 ENTREPA�O BLANCO,,
VCOC01-0099-PTT-1357,PROTOTIPO CLOSET CORDOBEZA CON PUERTAS DESLIZANTES COLOR CANDELARIA,NO NECESITA ETIQUETA,
VCOC01-0099-PTT-1357,PROTOTIPO CLOSET CORDOBEZA CON PUERTAS DESLIZANTES COLOR CANDELARIA,NO NECESITA ETIQUETA,
VCOC01-0112-MRH-0100,RH MBLE INF COCINA ZAFIRO 180X60 BLANCO,,
VCOC01-0114-MRH-0100,RH MBLE SUP COCINA ZAFIRO 180X60 PARA CAMPANA BLANCO,,
VCOC01-0115-MRH-0100,RH MBLE SUP COCINA ZAFIRO 180X60 PARA MICROONDAS BLANCO,,
VCOC01-0116-MRH-0100,RH MUEBLE BARRA COCINA ZAFIRO 140X60CM CANTO 2MM BLANCO,,
VCOC01-0117-000-0100,KIT PUERTAS COCINA OBRA 150X55CM BLANCO RH/SODER,,
VCOC01-0117-MRH-0100,RH KIT PUERTAS COCINA OBRA 150X55CM BLANCO,,
VCOC01-0118-MRH-0100,RH ESTRUCTURA COCINA OBRA 150X55CM BLANCO,,
VCOC01-0119-MRH-0100,RH MUEBLE INFERIOR COCINA 150CM 4 PUERTAS VIVE BLANCO,,
VCOC01-0120-000-0321,MUEBLE SUPERIOR COCINA AMBAR 150CM PARA CAMPANA CANTO 2MM BLANCO RH/SODER MALI,,
VCOC01-0120-000-0322,MUEBLE SUPERIOR COCINA AMBAR 150CM PARA CAMPANA CANTO 2MM BLANCO RH/NOLA-GRACIA,,
VCOC01-0120-000-0323,MUEBLE SUPERIOR COCINA AMBAR 150CM PARA CAMPANA CANTO 2MM BLANCO RH/AUSTRAL,,
VCOC01-0120-000-0324,MUEBLE SUPERIOR COCINA AMBAR 150CM PARA CAMPANA CANTO 2MM BLANCO RH/MITTE-TAMBO,,
VCOC01-0120-000-1353,MUEBLE SUPERIOR COCINA AMBAR 150CM PARA CAMPANA CANTO 2MM BLANCO RH/GRACIA-SIKUANI,,
VCOC01-0120-MRH-0100,ESTRUCTURA COCINA OBRA CON REBANCO 150X55CM BLANCO RH,,
VCOC01-0121-000-0321,MUEBLE INFERIOR COCINA AMBAR 150x55CM CANTO 2MM 1C 4P BLANCO RH/SODER-MALI,,
VCOC01-0121-000-0322,MUEBLE INFERIOR COCINA AMBAR 150x55CM CANTO 2MM 1C 4P BLANCO RH/GRACIA-NOLA,,
VCOC01-0121-000-0323,MUEBLE INFERIOR COCINA AMBAR 150x55CM CANTO 2MM 1C 4P BLANCO RH/AUSTRAL,,
VCOC01-0121-000-0324,MUEBLE INFERIOR COCINA AMBAR 150x55CM CANTO 2MM 1C 4P BLANCO RH/MITTE-TAMBO,,
VCOC01-0121-000-1353,MUEBLE INFERIOR COCINA AMBAR 150x55CM CANTO 2MM 1C 4P BLANCO RH/GRACIA-SIKUANI,,
VCOC01-0122-000-0321,MUEBLE INFERIOR COCINA AMBAR 150X60CM CANTO 2MM 1C 4P BLANCO RH/SODER-MALI,,
VCOC01-0122-000-0322,MUEBLE INFERIOR COCINA AMBAR 150X60CM CANTO 2MM 1C 4P BLANCO RH/NOLA-GRACIA,,
VCOC01-0122-000-0323,MUEBLE INFERIOR COCINA AMBAR 150X60CM CANTO 2MM 1C 4P BLANCO RH/AUSTRAL,,
VCOC01-0122-000-0324,MUEBLE INFERIOR COCINA AMBAR 150X60CM CANTO 2MM 1C 4P BLANCO RH/MITTE-TAMBO,,
VCOC01-0123-000-0321,MUEBLE SUPERIOR COCINA AMBAR 180CM PARA CAMPANA CANTO 2MM BLANCO RH/SODER-MALI,,
VCOC01-0123-000-0322,MUEBLE SUPERIOR COCINA AMBAR 180CM PARA CAMPANA CANTO 2MM BLANCO RH/NOLA-GRACIA,,
VCOC01-0123-000-0323,MUEBLE SUPERIOR COCINA AMBAR 180CM PARA CAMPANA CANTO 2MM BLANCO RH/AUSTRAL,,
VCOC01-0123-000-0324,MUEBLE SUPERIOR COCINA AMBAR 180CM PARA CAMPANA CANTO 2MM BLANCO RH/MITTE-TAMBO,,
VCOC01-0124-000-0321,MUEBLE INFERIOR COCINA AMBAR 180x55CM CANTO 2MM 1C 5P BLANCO RH/SODER-MALI,,
VCOC01-0124-000-0322,MUEBLE INFERIOR COCINA AMBAR 180x55CM CANTO 2MM 1C 5P BLANCO RH/NOLA-GRACIA,,
VCOC01-0125-000-0321,MUEBLE INFERIOR COCINA AMBAR 180x60CM CANTO 2MM 1C 5P BLANCO RH/SODER-MALI,,
VCOC01-0125-000-0322,MUEBLE INFERIOR COCINA AMBAR 180x60CM CANTO 2MM 1C 5P BLANCO RH/NOLA-GRACIA,,
VCOC01-0125-000-0323,MUEBLE INFERIOR COCINA AMBAR 180x60CM CANTO 2MM 1C 5P BLANCO RH/AUSTRAL,,
VCOC01-0125-000-0324,MUEBLE INFERIOR COCINA AMBAR 180x60CM CANTO 2MM 1C 5P BLANCO RH/MITTE-TAMBO,,
VCOC01-0126-MRH-0100,RH MUEBLE SUPERIOR COCINA AGATA 180X60CM CANTO 2MM BLANCO,,
VCOC01-0127-MRH-0100,RH MUEBLE INFERIOR COCINA AGATA 180X60CM CANTO 2MM 5P BLANCO,,
VCOC01-0128-000-0321,MUEBLE INFERIOR COCINA 150CM 4 PUERTAS VIVE BLANCO RH/SODER-MALI,,
VCOC01-0128-000-0322,MUEBLE INFERIOR COCINA 150CM 4 PUERTAS VIVE BLANCO RH/NOLA-GRACIA,,
VCOC01-0128-000-0323,MUEBLE INFERIOR COCINA 150CM 4 PUERTAS VIVE BLANCO RH/AUSTRAL,,
VCOC01-0128-000-0324,MUEBLE INFERIOR COCINA 150CM 4 PUERTAS VIVE BLANCO RH/MITTE-TAMBO,,
VCOC01-0129-MRH-0100,RH MUEBLE SUPERIOR COCINA OBSI 150X55CM CANTO 2MM BLANCO,,
VCOC01-0130-MRH-0100,RH MUEBLE INFERIOR COCINA OBSI 150X55CM CANTO 2MM 4P BLANCO,,
VCOC01-0131-MRH-0100,RH MUEBLE SUPERIOR COCINA GEOS RETAIL 210X60 BLANCO,,
VCOC01-0132-MRH-0100,RH MUEBLE INFERIOR COCINA GEOS RETAIL 210X60 BLANCO,,
VCOC01-0133-000-0321,MUEBLE SUPERIOR COCINA OBSI 150X55CM CANTO 2MM BLANCO RH-SODER/MALI,,
VCOC01-0133-000-0322,MUEBLE SUPERIOR COCINA OBSI 150X55CM CANTO 2MM BLANCO RH-GRACIA/SIKUANI,,
VCOC01-0133-000-0323,MUEBLE SUPERIOR COCINA OBSI 150X55CM CANTO 2MM BLANCO RH-AUSTRAL,,
VCOC01-0133-000-0324,MUEBLE SUPERIOR COCINA OBSI 150X55CM CANTO 2MM BLANCO RH-MITTE/TAMBO,,
VCOC01-0133-000-0326,MUEBLE SUPERIOR COCINA OBSI 150X55CM CANTO 2MM BLANCO RH-FLORMORADO,,
VCOC01-0134-000-0321,MUEBLE INFERIOR COCINA OBSI 150X55CM CANTO 2MM BLANCO RH-SODER/MALI,,
VCOC01-0134-000-0322,MUEBLE INFERIOR COCINA OBSI 150X55CM CANTO 2MM BLANCO RH-GRACIA/SIKUANI,,
VCOC01-0134-000-0323,MUEBLE INFERIOR COCINA OBSI 150X55CM CANTO 2MM BLANCO RH-AUSTRAL,,
VCOC01-0134-000-0324,MUEBLE INFERIOR COCINA OBSI 150X55CM CANTO 2MM BLANCO RH-MITTE/TAMBO,,
VCOC01-0134-000-0326,MUEBLE INFERIOR COCINA OBSI 150X55CM CANTO 2MM BLANCO RH-FLORMORADO,,
VCOC01-0135-000-0322,MUEBLE SUPERIOR COCINA GEOS RETAIL 210X60 BLANCO RH-GRACIA/SIKUANI,,
VCOC01-0135-000-0323,MUEBLE SUPERIOR COCINA GEOS RETAIL 210X60 BLANCO RH-AUSTRAL,,
VCOC01-0135-000-0324,MUEBLE SUPERIOR COCINA GEOS RETAIL 210X60 BLANCO RH-MITTE/TAMBO,,
VCOC01-0136-000-0321,MUEBLE INFERIOR COCINA GEOS RETAIL 210X60 BLANCO RH-SODER/MALI,,
VCOC01-0136-000-0322,MUEBLE INFERIOR COCINA GEOS RETAIL 210X60 BLANCO RH-GRACIA/SIKUANI,,
VCOC01-0136-000-0323,MUEBLE INFERIOR COCINA GEOS RETAIL 210X60 BLANCO RH-AUSTRAL,,
VCOC01-0136-000-0324,MUEBLE INFERIOR COCINA GEOS RETAIL 210X60 BLANCO RH-MITTE/TAMBO,,
VCOC01-0137-MRH-0100,RH MUEBLE BARRA COCINA ZAFIRO TERRABONGA 140X60CM CANTO 2MM BLANCO,,
VCOC01-0138-000-0321,MUEBLE SUPERIOR COCINA AGATA 180X60CM CANTO 2MM BLANCO RH-SODER/MALI,,
VCOC01-0138-000-0322,MUEBLE SUPERIOR COCINA AGATA 180X60CM CANTO 2MM BLANCO RH-GRACIA/SIKUANI,,
VCOC01-0138-000-0323,MUEBLE SUPERIOR COCINA AGATA 180X60CM CANTO 2MM BLANCO RH-AUSTRAL,,
VCOC01-0138-000-0324,MUEBLE SUPERIOR COCINA AGATA 180X60CM CANTO 2MM BLANCO RH-MITTE/TAMBO,,
VCOC01-0139-000-0321,MUEBLE INFERIOR COCINA AGATA 180X60CM CANTO 2MM 5P BLANCO RH-SODER/MALI,,
VCOC01-0139-000-0322,MUEBLE INFERIOR COCINA AGATA 180X60CM CANTO 2MM 5P BLANCO RH-GRACIA/SIKUANI,,
VCOC01-0139-000-0323,MUEBLE INFERIOR COCINA AGATA 180X60CM CANTO 2MM 5P BLANCO RH-AUSTRAL,,
VCOC01-0139-000-0324,MUEBLE INFERIOR COCINA AGATA 180X60CM CANTO 2MM 5P BLANCO RH-MITTE/TAMBO,,
VCOC01-0140-MRH-0100,RH MBLE INF COCINA ZAFIRO TERRABONGA 180X60 BLANCO,,
VCOC01-0142-000-0321,MUEBLE INFERIOR COCINA ZAREL 180X60CM BLANCO RH/SODER-MALI,,
VCOC01-0142-000-1332,MUEBLE INFERIOR COCINA ZAREL 180X60CM OLIVA/JAYKA-RH BLANCO,,
VCOC01-0142-000-1351,MUEBLE INFERIOR COCINA ZAREL 180X60CM MARFIL/YALAA-RH BLANCO,,
VCOC01-0142-000-1352,MUEBLE INFERIOR COCINA ZAREL 180X60CM GRIS/SUKTA-RH BLANCO,,
VCOC01-0143-000-0321,MUEBLE SUPERIOR COCINA ZAREL 180X60CM BLANCO RH/SODER-MALI,,
VCOC01-0143-000-1332,MUEBLE SUPERIOR COCINA ZAREL 180X60CM OLIVA/JAYKA-RH BLANCO,,
VCOC01-0143-000-1351,MUEBLE SUPERIOR COCINA ZAREL 180X60CM MARFIL/YALAA-RH BLANCO,,
VCOC01-0143-000-1352,MUEBLE SUPERIOR COCINA ZAREL 180X60CM GRIS/SUKTA-RH BLANCO,,
VCOC01-0144-000-0321,MUEBLE INFERIOR COCINA ZAREL 150X60CM BLANCO RH/SODER-MALI,,
VCOC01-0144-000-1332,MUEBLE INFERIOR COCINA ZAREL 150X60CM OLIVA/JAYKA-RH BLANCO,,
VCOC01-0144-000-1351,MUEBLE INFERIOR COCINA ZAREL 150X60CM MARFIL/YALAA-RH BLANCO,,
VCOC01-0144-000-1352,MUEBLE INFERIOR COCINA ZAREL 150X60CM GRIS/SUKTA-RH BLANCO,,
VCOC01-0145-000-0321,MUEBLE SUPERIOR COCINA ZAREL 150X60CM BLANCO RH/SODER-MALI,,
VCOC01-0145-000-1332,MUEBLE SUPERIOR COCINA ZAREL 150X60CM OLIVA/JAYKA-RH BLANCO,,
VCOC01-0145-000-1351,MUEBLE SUPERIOR COCINA ZAREL 150X60CM MARFIL/YALAA-RH BLANCO,,
VCOC01-0145-000-1352,MUEBLE SUPERIOR COCINA ZAREL 150X60CM GRIS/SUKTA-RH BLANCO,,
VCOC01-0145-MRH-0100,ESTRUCTURA COCINA OBRA SIN REBANCO 150X55 BLANCO RH,,
VCOC01-0146-MRH-0100,RH MUEBLE INFERIOR COCINA GEOS RETAIL 4 PUERTAS 210X60 BLANCO,,
VCOC01-0147-000-0321,MUEBLE INFERIOR COCINA GEOS RETAIL 4 PUERTAS 210X60 BLANCO RH-SODER/MALI PARTE 1,,
VCOC01-0147-000-0322,MUEBLE INFERIOR COCINA GEOS RETAIL 4 PUERTAS 210X60 BLANCO RH-GRACIA/SIKUANI PARTE 1,,
VCOC01-0147-000-0323,MUEBLE INFERIOR COCINA GEOS RETAIL 4 PUERTAS 210X60 BLANCO RH-AUSTRAL PARTE 1,,
VCOC01-0147-000-0324,MUEBLE INFERIOR COCINA GEOS RETAIL 4 PUERTAS 210X60 BLANCO RH-MITTE/TAMBO PARTE 1,,
VCOC01-0148-000-1332,MUEBLE INFERIOR COCINA OREL 210X60CM OLIVA/JAYKA-RH BLANCO PARTE 1,,
VCOC01-0148-000-1351,MUEBLE INFERIOR COCINA OREL 210X60CM MARFIL/YALAA-RH BLANCO PARTE 1,,
VCOC01-0148-000-1352,MUEBLE INFERIOR COCINA OREL 210X60CM GRIS/SUKTA-RH BLANCO PARTE 1,,
VCOC01-0149-000-1332,MUEBLE INFERIOR COCINA OREL 210X60CM OLIVA/JAYKA-RH BLANCO PARTE 2,,
VCOC01-0149-000-1351,MUEBLE INFERIOR COCINA OREL 210X60CM MARFIL/YALAA-RH BLANCO PARTE 2,,
VCOC01-0149-000-1352,MUEBLE INFERIOR COCINA OREL 210X60CM GRIS/SUKTA-RH BLANCO PARTE 2,,
VCOC01-0150-000-1332,MUEBLE SUPERIOR COCINA OREL 210X60CM OLIVA/JAYKA-RH BLANCO PARTE 1,,
VCOC01-0150-000-1351,MUEBLE SUPERIOR COCINA OREL 210X60CM MARFIL/YALAA-RH BLANCO PARTE 1,,
VCOC01-0150-000-1352,MUEBLE SUPERIOR COCINA OREL 210X60CM GRIS/SUKTA-RH BLANCO PARTE 1,,
VCOC01-0151-000-1332,MUEBLE SUPERIOR COCINA OREL 210X60CM OLIVA/JAYKA-RH BLANCO PARTE 2,,
VCOC01-0151-000-1351,MUEBLE SUPERIOR COCINA OREL 210X60CM MARFIL/YALAA-RH BLANCO PARTE 2,,
VCOC01-0151-000-1352,MUEBLE SUPERIOR COCINA OREL 210X60CM GRIS/SUKTA-RH BLANCO PARTE 2,,
VCOC01-0153-000-1332,MUEBLE SUPERIOR COCINA OREL 180X60CM OLIVA/JAYKA-RH BLANCO,,
VCOC01-0153-000-1351,MUEBLE SUPERIOR COCINA OREL 180X60CM MARFIL/YALAA-RH BLANCO,,
VCOC01-0153-000-1352,MUEBLE SUPERIOR COCINA OREL 180X60CM GRIS/SUKTA-RH BLANCO,,
VCOC01-0154-000-1332,MUEBLE INFERIOR COCINA OREL 180X60CM OLIVA/JAYKA-RH BLANCO,,
VCOC01-0154-000-1351,MUEBLE INFERIOR COCINA OREL 180X60CM MARFIL/YALAA-RH BLANCO,,
VCOC01-0154-000-1352,MUEBLE INFERIOR COCINA OREL 180X60CM GRIS/SUKTA-RH BLANCO,,
VCOC01-0155-000-0437,MUEBLE INFERIOR COCINA KORE 150X55CM SODER-RH BLANCO,,
VCOC01-0155-000-0493,MUEBLE INFERIOR COCINA KORE 150X55CM AUSTRAL-RH BLANCO,,
VCOC01-0155-000-1332,MUEBLE INFERIOR COCINA KORE 150X55CM BLANCO RH-JAYKA,,
VCOC01-0155-000-1351,MUEBLE INFERIOR COCINA KORE 150X55CM BLANCO RH-YALAA,,
VCOC01-0155-000-1352,MUEBLE INFERIOR COCINA KORE 150X55CM BLANCO RH-SUKTA,,
VCOC01-0156-000-0437,MUEBLE SUPERIOR COCINA KORE 150X55CM SODER-RH BLANCO,,
VCOC01-0156-000-0493,MUEBLE SUPERIOR COCINA KORE 150X55CM AUSTRAL-RH BLANCO,,
VCOC01-0156-000-1332,MUEBLE SUPERIOR COCINA KORE 150X55CM BLANCO RH-JAYKA,,
VCOC01-0156-000-1351,MUEBLE SUPERIOR COCINA KORE 150X55CM BLANCO RH-YALAA,,
VCOC01-0156-000-1352,MUEBLE SUPERIOR COCINA KORE 150X55CM BLANCO RH-SUKTA,,
VCOC01-0163-000-1356,ALACENA 60X35 CANDELARIA RH/GRACIA-SIKUANI,,
VCOC01-0163-000-1369,ALACENA 60X35 CANDELARIA RH/MITTE-TAMBO,,
VCOC01-0163-000-1370,ALACENA 60X35 CANDELARIA RH/SODER-MALI,,
VCOC01-0164-000-1332,MUEBLE ALACENA SIN MANIJA 60X60CM OLIVA/JAYKA-BLANCO RH,,
VCOC01-0164-000-1351,MUEBLE ALACENA SIN MANIJA 60X60CM MARFIL/YALAA - BLANCO RH,,
VCOC01-0164-000-1352,MUEBLE ALACENA SIN MANIJA 60X60CM GRIS/SUKTA-BLANCO RH,,
VCOC01-0165-000-0322,MUEBLE COCINA INF JADE 200X60 BLANCO RH-GRACIA/SIKUANI PARTE 1,,
VCOC01-0165-000-0323,MUEBLE COCINA INF JADE 200X60 BLANCO RH-AUSTRAL PARTE 1,,
VCOC01-0165-000-0437,MUEBLE COCINA INF JADE 200X60 BLANCO RH-SODER/MALI PARTE 1,,
VCOC01-0165-000-0439,MUEBLE COCINA INF JADE 200X60 BLANCO RH-MITTE/TAMBO PARTE 1,,
VCOC01-0165-000-1361,MUEBLE COCINA INF JADE 200X60 BLANCO RH-JAYKA PARTE 1,,
VCOC01-0166-000-0322,MUEBLE COCINA INF JADE 200X60 BLANCO RH-GRACIA/SIKUANI PARTE 2,,
VCOC01-0166-000-0323,MUEBLE COCINA INF JADE 200X60 BLANCO RH-AUSTRAL PARTE 2,,
VCOC01-0166-000-0437,MUEBLE COCINA INF JADE 200X60 BLANCO RH-SODER/MALI PARTE 2,,
VCOC01-0166-000-0439,MUEBLE COCINA INF JADE 200X60 BLANCO RH-MITTE/TAMBO PARTE 2,,
VCOC01-0166-000-1361,MUEBLE COCINA INF JADE 200X60 BLANCO RH-JAYKA PARTE 2,,
VCOC01-0167-000-0322,MUEBLE COCINA SUP  JADE 200X60 BLANCO RH-GRACIA/SIKUANI PARTE 1,,
VCOC01-0167-000-0323,MUEBLE COCINA SUP JADE 200X60 BLANCO RH-AUSTRAL PARTE 1,,
VCOC01-0167-000-0437,MUEBLE COCINA SUP JADE 200X60 BLANCO RH-SODER/MALI PARTE 1,,
VCOC01-0167-000-0439,MUEBLE COCINA SUP JADE 200X60 BLANCO RH-MITTE/TAMBO PARTE 1,,
VCOC01-0167-000-1361,MUEBLE COCINA SUP  JADE 200X60 BLANCO RH-JAYKA PARTE 1,,
VCOC01-0168-000-0322,MUEBLE COCINA SUP  JADE 200X60 BLANCO RH-GRACIA/SIKUANI PARTE 2,,
VCOC01-0168-000-0323,MUEBLE COCINA SUP JADE 200X60 BLANCO RH-AUSTRAL PARTE 2,,
VCOC01-0168-000-0437,MUEBLE COCINA SUP JADE 200X60 BLANCO RH-SODER/MALI PARTE 2,,
VCOC01-0168-000-0439,MUEBLE COCINA SUP JADE 200X60 BLANCO RH-MITTE/TAMBO PARTE 2,,
VCOC01-0168-000-1361,MUEBLE COCINA SUP  JADE 200X60 BLANCO RH-JAYKA PARTE 2,,
VCOC01-0172-000-0321,MUEBLE INFERIOR COCINA GEOS RETAIL 4 PUERTAS 210X60 BLANCO RH-SODER/MALI PARTE 2,,
VCOC01-0172-000-0322,MUEBLE INFERIOR COCINA GEOS RETAIL 4 PUERTAS 210X60 BLANCO RH-GRACIA/SIKUANI PARTE 2,,
VCOC01-0172-000-0323,MUEBLE INFERIOR COCINA GEOS RETAIL 4 PUERTAS 210X60 BLANCO RH-AUSTRAL PARTE 2,,
VCOC01-0172-000-0324,MUEBLE INFERIOR COCINA GEOS RETAIL 4 PUERTAS 210X60 BLANCO RH-MITTE/TAMBO PARTE 2,,
VCOC01-0173-000-0321,MUEBLE SUPERIOR COCINA GEOS RETAIL 210X60 BLANCO RH-SODER/MALI PARTE 1,,
VCOC01-0173-000-0322,MUEBLE SUPERIOR COCINA GEOS RETAIL 210X60 BLANCO RH-GRACIA/SIKUANI PARTE 1,,
VCOC01-0173-000-0323,MUEBLE SUPERIOR COCINA GEOS RETAIL 210X60 BLANCO RH-AUSTRAL PARTE 1,,
VCOC01-0173-000-0324,MUEBLE SUPERIOR COCINA GEOS RETAIL 210X60 BLANCO RH-MITTE/TAMBO PARTE 1,,
VCOC01-0174-000-0321,MUEBLE SUPERIOR COCINA GEOS RETAIL 210X60 BLANCO RH-SODER/MALI PARTE 2,,
VCOC01-0174-000-0322,MUEBLE SUPERIOR COCINA GEOS RETAIL 210X60 BLANCO RH-GRACIA/SIKUANI PARTE 2,,
VCOC01-0174-000-0323,MUEBLE SUPERIOR COCINA GEOS RETAIL 210X60 BLANCO RH-AUSTRAL PARTE 2,,
VCOC01-0174-000-0324,MUEBLE SUPERIOR COCINA GEOS RETAIL 210X60 BLANCO RH-MITTE/TAMBO PARTE 2,,
VCOC01-0175-000-0321,MUEBLE INFERIOR COCINA GEOS RETAIL HORNO 210X60 BLANCO RH-SODER/MALI PARTE 1,,
VCOC01-0175-000-0322,MUEBLE INFERIOR COCINA GEOS RETAIL HORNO 210X60 BLANCO RH-GRACIA/SIKUANI PARTE 1,,
VCOC01-0175-000-0323,MUEBLE INFERIOR COCINA GEOS RETAIL HORNO 210X60 BLANCO RH-AUSTRAL PARTE 1,,
VCOC01-0175-000-0324,MUEBLE INFERIOR COCINA GEOS RETAIL HORNO 210X60 BLANCO RH-MITTE/TAMBO PARTE 1,,
VCOC01-0176-000-0321,MUEBLE INFERIOR COCINA GEOS RETAIL HORNO 210X60 BLANCO RH-SODER/MALI PARTE 2,,
VCOC01-0176-000-0322,MUEBLE INFERIOR COCINA GEOS RETAIL HORNO 210X60 BLANCO RH-GRACIA/SIKUANI PARTE 2,,
VCOC01-0176-000-0323,MUEBLE INFERIOR COCINA GEOS RETAIL HORNO 210X60 BLANCO RH-AUSTRAL PARTE 2,,
VCOC01-0176-000-0324,MUEBLE INFERIOR COCINA GEOS RETAIL HORNO 210X60 BLANCO RH-MITTE/TAMBO PARTE 2,,
VCOC01-0183-000-0100,RH MUEBLE INFERIOR COCINA ZAREL FPK 150X60CM BLANCO,,
VCOC01-0184-000-0100,RH MUEBLE SUPERIOR COCINA ZAREL FPK 150X60CM BLANCO,,
VCOC01-0189-000-0321,MUEBLE BARRA COCINA AMBAR 120x55CM CANTO 2MM BLANCO RH/SODER-MALI,,
VCOC01-0189-000-0322,MUEBLE BARRA COCINA AMBAR 120x55CM CANTO 2MM BLANCO RH/NOLA-GRACIA,,
VCOC01-0189-000-0323,MUEBLE BARRA COCINA AMBAR 120x55CM CANTO 2MM BLANCO RH/AUSTRAL,,
VCOC01-0189-000-0324,MUEBLE BARRA COCINA AMBAR 120x55CM CANTO 2MM BLANCO RH/MITTE-TAMBO,,
VCOC01-0190-000-0321,MUEBLE INFERIOR COCINA VIVE 150X55CM BLANCO RH/SODER-MALI,,
VCOC01-0190-000-0322,MUEBLE INFERIOR COCINA VIVE 150X55CM BLANCO RH/NOLA-GRACIA,,
VCOC01-0190-000-0323,MUEBLE INFERIOR COCINA VIVE 150X55CM BLANCO RH/AUSTRAL,,
VCOC01-0190-000-0324,MUEBLE INFERIOR COCINA VIVE 150X55CM BLANCO RH/MITTE-TAMBO,,
VCOC01-0191-000-0321,MBLE INF COCINA ZAFIRO 180X60 BLANCO RH/SODER-MALI,,
VCOC01-0191-000-0322,MBLE INF COCINA ZAFIRO 180X60 BLANCO RH/NOLA-GRACIA,,
VCOC01-0191-000-0323,MBLE INF COCINA ZAFIRO 180X60 BLANCO RH/AUSTRAL,,
VCOC01-0191-000-0324,MBLE INF COCINA ZAFIRO 180X60 BLANCO RH/MITTE-TAMBO,,
VCOC01-0192-000-0321,MBLE SUP COCINA ZAFIRO 180X60 PARA CAMPANA BLANCO RH/SODER-MALI,,
VCOC01-0192-000-0322,MBLE SUP COCINA ZAFIRO 180X60 PARA CAMPANA BLANCO RH/NOLA-GRACIA,,
VCOC01-0192-000-0323,MBLE SUP COCINA ZAFIRO 180X60 PARA CAMPANA BLANCO RH/AUSTRAL,,
VCOC01-0192-000-0324,MBLE SUP COCINA ZAFIRO 180X60 PARA CAMPANA BLANCO RH/MITTE-TAMBO,,
VCOC01-0193-000-0321,MBLE SUP COCINA ZAFIRO 180X60 PARA MICROONDAS BLANCO RH/SODER-MALI,,
VCOC01-0193-000-0322,MBLE SUP COCINA ZAFIRO 180X60 PARA MICROONDAS BLANCO RH/NOLA-GRACIA,,
VCOC01-0193-000-0323,MBLE SUP COCINA ZAFIRO 180X60 PARA MICROONDAS BLANCO RH/AUSTRAL,,
VCOC01-0193-000-0324,MBLE SUP COCINA ZAFIRO 180X60 PARA MICROONDAS BLANCO RH/MITTE-TAMBO,,
VCOC01-0197-000-0321,KIT COCINA OBRA 120X55 PARA REBANCO BLANCO RH/SODER-MALI,,
VCOC01-0197-000-0322,KIT COCINA OBRA 120X55 PARA REBANCO BLANCO RH/NOLA-GRACIA,,
VCOC01-0197-000-0323,KIT COCINA OBRA 120X55 PARA REBANCO BLANCO RH/AUSTRAL,,
VCOC01-0197-000-0324,KIT COCINA OBRA 120X55 PARA REBANCO BLANCO RH/MITTE-TAMBO,,
VCOC01-0198-000-0321,MUEBLE SUPERIOR COCINA CORAL 180CM BLANCO RH/ SODER-MALI,,
VCOC01-0198-000-0322,MUEBLE SUPERIOR COCINA CORAL 180CM BLANCO RH/ NOLA-GRACIA,,
VCOC01-0198-000-0323,MUEBLE SUPERIOR COCINA CORAL 180CM BLANCO RH/AUSTRAL,,
VCOC01-0198-000-0324,MUEBLE SUPERIOR COCINA CORAL 180CM BLANCO RH/MITTE-TAMBO,,
VCOC01-0198-KND-0321,MUEBLE SUPERIOR COCINA CORAL 180CM BLANCO RH/ SODER-MALI-KENNEDY,,
VCOC01-0198-KND-1342,MUEBLE SUPERIOR COCINA CORAL 180CM BLANCO RH/ CANDELARIA AMAZONAS-KENNEDY,,
VCOC01-0198-KND-1371,MUEBLE SUPERIOR COCINA CORAL 180CM BLANCO RH/ NARDO-KENNEDY,,
VCOC01-0199-000-0321,MUEBLE INFERIOR COCINA CORAL 180X60CM BLANCO RH/SODER-MALI,,
VCOC01-0199-000-0322,MUEBLE INFERIOR COCINA CORAL 180X60CM BLANCO RH/NOLA-GRACIA,,
VCOC01-0199-000-0323,MUEBLE INFERIOR COCINA CORAL 180X60CM BLANCO RH/AUSTRAL,,
VCOC01-0199-000-0324,MUEBLE INFERIOR COCINA CORAL 180X60CM BLANCO RH/ MITTE-TAMBO,,
VCOC01-0199-KND-0321,MUEBLE INFERIOR COCINA CORAL 180X60CM BLANCO RH/SODER-MALI-KENNEDY,,
VCOC01-0199-KND-0324,MUEBLE INFERIOR COCINA CORAL 180X60CM BLANCO RH/ MITTE-TAMBO-KENNEDY,,
VCOC01-0199-KND-1342,MUEBLE INFERIOR COCINA CORAL 180X60CM BLANCO RH/CANDELARIA AMAZONAS-KENNEDY,,
VCOC01-0199-KND-1371,MUEBLE INFERIOR COCINA CORAL 180X60CM BLANCO RH/NARDO-KENNEDY,,
VCOC08-0202-MRH-0117,HRJ DB28-2S-SM MBLE INF SIN MNJ COC 3 GAVETAS 1G 2P CON ACCESORIOS FOREST-SAGANO/NEVADO SOFT RH,NO NECESITA ETIQUETA,
VCOC08-0301-MRH-0100,HRJ BFD8-SM MBLE SIN MANIJAS INF COC 1 PUERTA 1 ENTREPA�O CON ACCESORIOS BLANCO NEVADO SOFT RH,NO NECESITA ETIQUETA,
VCOC08-0330-MRH-0100,HRJ BFD10-SM MBLE SIN MNJ INF COC 1 PUERTA 1 ENTREPA�O CON ACCESORIOS BLANCO NEVADO SOFT RH,NO NECESITA ETIQUETA,
VCOC08-0331-MRH-0100,HRJ BFD12-SM MBLE SIN MNJ INF COC 1 PUERTA 1 ENTREPA�O CON ACCESORIOS BLANCO NEVADO SOFT RH,NO NECESITA ETIQUETA,
VCOC08-0332-MRH-0100,HRJ BFD14-SM MBLE SIN MNJ INF COC 1 PUERTA 1 ENTREPA�O CON ACCESORIOS BLANCO NEVADO SOFT RH,NO NECESITA ETIQUETA,
VCOC08-0333-MRH-0100,HRJ BFD16-SM MBLE SIN MANIJAS INF COC 1 PUERTA 1 ENTREPA�O CON ACCESORIOS BLANCO NEVADO SOFT,NO NECESITA ETIQUETA,
VCOC08-0334-MRH-0100,HRJ BFD17-SM MBLE SIN MNJ INF COC 1 PUERTA 1 ENTREPA�O CON ACCESORIOS BLANCO NEVADO SOFT RH,NO NECESITA ETIQUETA,
VCOC08-0335-MRH-0100,HRJ BFD18-SM MBLE SIN MNJ INF COC 1 PUERTA 1 ENTREPA�O CON ACCESORIOS BLANCO NEVADO SOFT RH,NO NECESITA ETIQUETA,
VCOC08-0336-MRH-0100,HRJ BFD20-SM MBLE SIN MNJ INF COC 1 PUERTA 1 ENTREPA�O CON ACCESORIOS BLANCO NEVADO SOFT RH,NO NECESITA ETIQUETA,
VCOC08-0337-MRH-0100,HRJ BFD22-SM MBLE SIN MNJ INF COC 1 PUERTA 1 ENTREPA�O CON ACCESORIOS BLANCO NEVADO SOFT RH,NO NECESITA ETIQUETA,
VCOC08-0338-MRH-0100,HRJ BFD33-SM MBLE SIN MNJ INF COC 2 PUERTAS 1 ENTREPA�O CON ACCESORIOS BLANCO NEVADO SOFT RH,NO NECESITA ETIQUETA,
VCOC08-0339-MRH-0100,HRJ BFD34-SM MBLE SIN MNJ INF COC 2 PUERTAS 1 ENTREPA�O CON ACCESORIOS BLANCO NEVADO SOFT RH,NO NECESITA ETIQUETA,
VCOC08-0340-MRH-0100,HRJ BFD35-SM MBLE SIN MNJ INF COC 2 PUERTAS 1 ENTREPA�O CON ACCESORIOS BLANCO NEVADO SOFT RH,NO NECESITA ETIQUETA,
VCOC08-0341-MRH-0100,HRJ BFD36-SM MBLE SIN MNJ INF COC 2 PUERTAS 1 ENTREPA�O CON ACCESORIOS BLANCO NEVADO SOFT RH,NO NECESITA ETIQUETA,
VCOC08-0342-MRH-0100,HRJ BFD39-SM MBLE SIN MNJ INF COC 2 PUERTAS 1 ENTREPA�O CON ACCESORIOS BLANCO NEVADO SOFT RH,NO NECESITA ETIQUETA,
VCOC08-0343-MRH-0100,HRJ DB16-2S-SM MBLE SIN MNJ INF COC 3 GAVETAS 2P 1G CON ACCESORIOS BLANCO NEVADO SOFT RH,NO NECESITA ETIQUETA,
VCOC08-0344-MRH-0100,HRJ DB19-2S-SM MBLE SIN MNJ INF COC 3 GAVETAS 2P 1G CON ACCESORIOS BLANCO NEVADO SOFT RH,NO NECESITA ETIQUETA,
VCOC08-0345-MRH-0100,HRJ DB20-2S-SM MBLE SIN MNJ INF COC 3 GAVETAS 2P 1G CON ACCESORIOS BLANCO NEVADO SOFT RH,NO NECESITA ETIQUETA,
VCOC08-0346-MRH-0100,HRJ DB33-2S-SM MBLE SIN MNJ INF COC 3 GAVETAS 2P 1G CON ACCESORIOS BLANCO NEVADO SOFT RH,NO NECESITA ETIQUETA,
VCOC08-0347-MRH-0100,HRJ DB34-2S-SM MBLE SIN MNJ INF COC 3 GAVETAS 2P 1G CON ACCESORIOS BLANCO NEVADO SOFT RH,NO NECESITA ETIQUETA,
VCOC08-0348-MRH-0100,HRJ SBFD35-SM MBLE SIN MNJ INF LVP 2 PUERTAS CON ACCESORIOS BLANCO NEVADO SOFT RH,NO NECESITA ETIQUETA,
VCOC08-0349-MRH-0100,HRJ SBFD36-SM MBLE SIN MNJ INF LVP 2 PUERTAS CON ACCESORIOS BLANCO NEVADO SOFT RH,NO NECESITA ETIQUETA,
VCOC08-0349-MRH-0117,HRJ SBFD36-SM MBLE INF SIN MNJ LVP 2 PUERTAS CON ACCESORIOS SAGANO FOREST RH /NEVADO SOFT RH,NO NECESITA ETIQUETA,
VCOC08-0350-MRH-0100,HRJ SBFD37-SM MBLE SIN MNJ INF LVP 2 PUERTAS CON ACCESORIOS BLANCO NEVADO SOFT RH,NO NECESITA ETIQUETA,
VCOC08-0351-MRH-0100,HRJ SBFD39-SM MBLE SIN MNJ INF LVP 2 PUERTAS CON ACCESORIOS BLANCO NEVADO SOFT RH,NO NECESITA ETIQUETA,
VCOC08-0352-MRH-0100,HRJ W1430-SM MBLE DER SIN MNJ SUP COC 1 PUERTA 2 ENTREPA�OS CON ACCESORIOS BLANCO NEVADO SOFT RH,NO NECESITA ETIQUETA,
VCOC08-0353-MRH-0100,HRJ W1630-SM MBLE DER SIN MNJ SUP COC 1 PUERTA 2 ENTREPA�OS CON ACCESORIOS BLANCO NEVADO SOFT RH,NO NECESITA ETIQUETA,
VCOC08-0354-MRH-0100,HRJ W1930-SM MBLE DER SIN MNJ SUP COC 1 PUERTA 2 ENTREPA�OS CON ACCESORIOS BLANCO NEVADO SOFT RH,NO NECESITA ETIQUETA,
VCOC08-0355-MRH-0100,HRJ W2730-SM MBLE SIN MNJ SUP COC 2 PUERTAS 2 ENTREPA�OS CON ACCESORIOS BLANCO NEVADO SOFT RH,NO NECESITA ETIQUETA,
VCOC08-0356-MRH-0100,HRJ W2930-SM MBLE SIN MNJ SUP COC 2 PUERTAS 2 ENTREPA�OS CON ACCESORIOS BLANCO NEVADO SOFT RH,NO NECESITA ETIQUETA,
VCOC08-0357-MRH-0100,HRJ W3030-SM MBLE SIN MNJ INF COC 2 PUERTAS 2 ENTREPA�OS CON ACCESORIOS BLANCO NEVADO SOFT RH,NO NECESITA ETIQUETA,
VCOC08-0358-MRH-0100,HRJ W3230-SM MBLE SIN MNJ INF COC 2 PUERTAS 2 ENTREPA�OS CON ACCESORIOS BLANCO NEVADO SOFT RH,NO NECESITA ETIQUETA,
VCOC08-0359-MRH-0100,HRJ W3630-SM MBLE SIN MNJ INF COC 2 PUERTAS 2 ENTREPA�OS CON ACCESORIOS BLANCO NEVADO SOFT RH,NO NECESITA ETIQUETA,
VCOC08-0360-MRH-0100,HRJ W3717-SM MBLE SIN MNJ INF COC 2 PUERTAS 1 ENTREPA�O CON ACCESORIOS BLANCO NEVADO SOFT RH,NO NECESITA ETIQUETA,
VCOC08-0361-MRH-0100,HRJ W3930-SM MBLE SIN MNJ INF COC 2 PUERTAS 2 ENTREPA�OS CON ACCESORIOS BLANCO NEVADO SOFT RH,NO NECESITA ETIQUETA,
VCOC08-0372-MRH-0100,HRJ W1430-SM MBLE IZQ SIN MNJ SUP COC 1 PUERTA 2 ENTREPA�OS CON ACCESORIOS BLANCO NEVADO SOFT RH,NO NECESITA ETIQUETA,
VCOC08-0373-MRH-0100,HRJ W1630-SM MBLE IZQ SIN MNJ SUP COC 1 PUERTA 2 ENTREPA�OS CON ACCESORIOS BLANCO NEVADO SOFT RH,NO NECESITA ETIQUETA,
VCOC08-0374-MRH-0100,HRJ W1930-SM MBLE IZQ SIN MNJ SUP COC 1 PUERTA 2 ENTREPA�OS CON ACCESORIOS BLANCO NEVADO SOFT RH,NO NECESITA ETIQUETA,
VCOC08-0376-000-0314,HRJ B12 MBLE INF COC 1 GAVETA 1 PUERTA 1/2 ENTREPA�O CON ACCESORIOS BLANCO RH/AMBAR SOFT CARB2,NO NECESITA ETIQUETA,
VCOC08-0381-000-0314,HRJ SBFD36 MBLE INF LVP 2 PUERTAS CON ACCESORIOS BLANCO RH/AMBAR SOFT CARB2,NO NECESITA ETIQUETA,
VCOC08-0416-000-0314,HRJ DB18-1S MBLE INF COC 3 GAVETAS 2G 1P CON ACCESORIOS BLANCO RH/AMBAR SOFT CARB2,NO NECESITA ETIQUETA,
VCOC08-0649-MRH-0117,HRJ BFD29-SM MBLE INF SIN MNJ COC 2 PUERTAS 1 ENTREPA�O CON ACCESSAGANO FOREST RH /NEVADO SOFT RH,NO NECESITA ETIQUETA,
VCOC08-0650-MRH-0117,HRJ BFD11-SM MBLE INF  COC 1 PUERTA 1 ENTREPA�O CON ACCESORIOS SAGANO FOREST RH/NEVADO SOFT RH,NO NECESITA ETIQUETA,
VCOC08-0651-MRH-0117,HRJ BOV24 4/5 MBLE INF COC HORNO SAGANO FOREST-SAGANO/NEVADO SOFT RH,NO NECESITA ETIQUETA,
VCOC08-0652-MRH-0117,HRJ W3635-SM LOC MBLE SUP SIN MNJ COC 2P 2 ENTREPA�OS CON LOCERO ACCES SAGANO FOREST RH/NEVADO SOFT,NO NECESITA ETIQUETA,
VCOC08-0653-MRH-0117,HRJ UW1135-SM MBLE SUP SIN MNJ COC 1P 3 ENTREPA�OS OPEN SHELF ACC SSAGANO FOREST RH /NEVADO SOFT RH,NO NECESITA ETIQUETA,
VCOC08-0654-MRH-0117,HRJ UW2835-SM MBLE SUP SIN MNJ COC 2 PUERTAS 3 ENTREP OPEN SHELF ACC SAGANO FOREST RH/NEVADO SOFT RH,NO NECESITA ETIQUETA,
VCOC08-0655-MRH-0117,HRJ W24 4/524-SM MBLE SUP SIN MNJ COC 2 PUERTAS 1 ENTREPA�O ACC SAGANO FOREST RH/NEVADO SOFT RH,NO NECESITA ETIQUETA,
VCOC08-0656-MRH-0117,HRJ W2935-SM MBLE SUP SIN MNJ COC 2 PUERTAS 2 ENTREPA�OS ACCESORIOS SAGANO FOREST RH/NEVADO SOFT RH,NO NECESITA ETIQUETA,
VCOC08-0697-000-0315,HRJ W3036 MBLE SUP COC 2 PUERTAS 2 ENTREPA�OS BLANCO RH/POLAR RUSTIK CARB2,NO NECESITA ETIQUETA,
VCOC08-0698-000-0315,HRJ W2736 MBLE SUP COC 2 PUERTAS 2 ENTREPA�OS CON ACCESORIOS BLANCO RH/POLAR RUSTIK CARB2,NO NECESITA ETIQUETA,
VCOC08-0706-000-0314,HRJ B18 MBLE INF COC 1 GAVETA 1 PUERTA 1/2 ENTREPA�O CON ACCESORIOS BLANCO RH/AMBAR SOFT CARB2,NO NECESITA ETIQUETA,
VCOC08-0739-000-0314,HRJ B213015 MBLE INF COC 1 GAVETA 1 PUERTA 1 ENTREPA�O CON ACCESORIOS BLANCO RH/AMBAR SOFT CARB2,NO NECESITA ETIQUETA,
VCOC08-0740-000-0314,HRJ W362424 MBLE SUP COC 2 PUERTAS 1 ENTREPA�O CON ACCESORIOS  BLANCO RH/AMBAR SOFT CARB2,NO NECESITA ETIQUETA,
VCOC08-2073-MRH-0314,HRJ SBFD938 MBLE INF LVP 1 FRENTE CON ACCESORIOS BLANCO RH/AMBAR SOFT CARB2,NO NECESITA ETIQUETA,
VCOC08-2074-000-0315,HRJ W938-36 MBLE SUP COC 2 PUERTAS 2 ENTREPA�OS CON ACCESORIOS BLANCO RH/POLAR RUSTIK CARB2,NO NECESITA ETIQUETA,
VCOC08-2118-000-1361,HRJ IBR30 MBLE INF BASURERA COC 1 PUERTA CON ACCESORIOS BLANCO RH/ JAYKA,NO NECESITA ETIQUETA,
VCOC08-2119-000-1361,"HRJ IC33,3-2P-FE MBLE INF COC 3 GAVETAS 2 PEQUE�AS CON ACC BLANCO RH/JAYKA",NO NECESITA ETIQUETA,
VCOC08-2120-000-1361,"HRJ IC45,7-2P-FE MBLE INF COC 3 GAVETAS 2 PEQUE�AS CON ACC BLANCO RH/JAYKA",NO NECESITA ETIQUETA,
VCOC08-2121-000-1361,HRJ IC65-2-FE MBLE INF COC 2 GAVETAS CON ACC BLANCO RH/JAYKA,NO NECESITA ETIQUETA,
VCOC08-2122-000-1361,"HRJ IEC106,7-I MBLE IZQ INF COC ESQ 1 PUERTA 1 ENTREPA�O CON ACCES BLANCO RH/JAYKA",NO NECESITA ETIQUETA,
VCOC08-2123-000-1361,"HRJ IEC114,3-I MBLE IZQ INF COC ESQ 1 PUERTA 1 ENTREPA�O CON ACCES BLANCO RH/JAYKA",NO NECESITA ETIQUETA,
VCOC08-2124-000-1361,HRJ ILVP68 MBLE INF LVP COC 2 PUERTA 1 ENTREPA�O CON ACC BLANCO RH/JAYKA,NO NECESITA ETIQUETA,
VCOC08-2127-000-1361,"HRJ S35,38033 MBLE SUP COC 1 PUERTA 2 ENTREPA�OS CON ACCESORIOS BLANCO RH/JAYKA",NO NECESITA ETIQUETA,
VCOC08-2128-000-1361,"HRJ S40,58033 MBLE SUP COC 1 PUERTA 2 ENTREPA�OS CON ACCESORIOS BLANCO RH/JAYKA",NO NECESITA ETIQUETA,
VCOC08-2129-000-1361,HRJ S488033 MBLE SUP COC 1 PUERTA 2 ENTREPA�OS CON ACCESORIOS BLANCO RH/JAYKA,NO NECESITA ETIQUETA,
VCOC08-2130-000-1361,HRJ S628033 MBLE SUP COC 2 PUERTA 2 ENTREPA�OS CON ACCESORIOS BLANCO RH/JAYKA,NO NECESITA ETIQUETA,
VCOC08-2131-000-1361,"HRJ SEC68,68033-I  MBLE IZQ ESQ SUP COC 1 PUERTA 2 ENTREPA�OS BLANCO RH/JAYKA",NO NECESITA ETIQUETA,
VCOC08-2132-000-1361,HRJ SLOC608033 MBLE SUP COC 2 PUERTAS LOCERO PLATERO CON ACCESORIOS BLANCO RH/JAYKA,NO NECESITA ETIQUETA,
VCOC08-3094-000-1369,HRJ BFD16-SM-15MM MBLE INF COC 1 PUERTA 1 ENTREPA�O CON ACC CANDELARIA RH/MITTE-TAMBO,NO NECESITA ETIQUETA,
VCOC08-3095-000-1369,HRJ BOV26-15MM MBLE HORNO INF COC PUERTA EXTERIOR CON ACC CANDELARIA RH/MITTE-TAMBO,NO NECESITA ETIQUETA,
VCOC08-3096-000-1369,HRJ DB19-2S-FE-SM-15MM MBLE INF COC 3 GAVETAS 2 PEQUE�AS CON ACC CANDELARIA RH/MITTE-TAMBO,NO NECESITA ETIQUETA,
VCOC08-3099-000-1369,HRJ OW2428-MO-15MM MBLE SUP COC MICROONDAS SIN PUERTAS ACC CANDELARIA RH/MITTE-TAMBO,NO NECESITA ETIQUETA,
VCOC08-3100-000-1369,HRJ SBFD25-SM-15MM MBLE INF LVP 2 PUERTAS ACC CANDELARIA RH/MITTE-TAMBO,NO NECESITA ETIQUETA,
VCOC08-3101-000-1369,HRJ VPC188418 TK4-SM-15MM MBL ALA COC 2 PUERTAS 5 ENTREPA�OS CON ACC CANDELARIA RH/MITTE-TAMBO,NO NECESITA ETIQUETA,
VCOC08-3102-000-1369,HRJ W3128-SM-15MM MBLE SUP COC 2 PUERTA 2 ENTREPA�OS CON  ACC CANDELARIA RH/MITTE-TAMBO,NO NECESITA ETIQUETA,
VEXH01-0004-000-0100,RH MUEBLE EXHIBIDOR MODULO 1X1 BLANCO,,
VEXH01-0005-000-0100,EXHIBIDOR LAVARROPAS 60-70-90,,
VEXH01-0006-000-0100,EXHIBIDOR LVP 63X51 X3-COMBINACION 1,,
VEXH01-0007-000-0100,EXHIBIDOR LVP 84X56 X3-COMBINACION 2,,
VEXH01-0008-000-0100,EXHIBIDOR LVP 84X51 X3-COMBINACION 3,,
VEXH01-0009-000-0100,EXHIBIDOR LVP 63X51 X2+84X56 X1-COMBINACION 4,,
VEXH01-0010-000-0100,EXHIBIDOR LVP 63X51 X2+84X51 X1-COMBINACION 5,,
VEXH01-0011-000-0100,EXHIBIDOR LVP 84X56 X2+63X51 X1-COMBINACION 6,,
VEXH01-0012-000-0100,EXHIBIDOR LVP 84X56 X2+84X51 X1-COMBINACION 7,,
VEXH01-0013-000-0100,EXHIBIDOR LVP 84X51 X2+63X51 X1-COMBINACION 8,,
VEXH01-0014-000-0100,EXHIBIDOR LVP 84X51 X2+84X56 X1-COMBINACION 9,,
VEXH01-0015-000-0100,EXHIBIDOR LVP 84X51 X1+ 84X56 X1+ 63X51 X1-COMBINACION 10,,
VEXH01-0016-000-0100,ESTRUCTURA GENERAL MUEBLE EXHIBIDOR 100 LVP-POP GENERICO BLANCO,,
VEXH01-0017-000-0100,ENTREPA�O MUEBLE EXHIBIDOR 100 LVP 63X51,,
VEXH01-0017-MRH-0100,RH ENTREPA�O MUEBLE EXHIBIDOR 100 LVP 63X51,,
VEXH01-0018-000-0100,ENTREPA�O MUEBLE EXHIBIDOR 100 LVP 84X51,,
VEXH01-0018-MRH-0100,RH ENTREPA�O MUEBLE EXHIBIDOR LVP 84X51 BLANCO,,
VEXH01-0019-000-0100,ENTREPA�O MUEBLE EXHIBIDOR 100 LVP 84X56,,
VEXH01-0019-MRH-0100,RH ENTREPA�O MUEBLE EXHIBIDOR 100 LVP 84X56,,
VEXH01-0020-000-0100,ENTREPA�O MUEBLE EXHIBIDOR 100 LVR 60X60,,
VEXH01-0020-MRH-0100,RH ENTREPA�O MUEBLE EXHIBIDOR 100 LVR 60X60,,
VEXH01-0021-000-0100,ENTREPA�O MUEBLE EXHIBIDOR 100 LVR 70X60,,
VEXH01-0021-MRH-0100,RH ENTREPA�O MUEBLE EXHIBIDOR 100 LVR 70X60,,
VEXH01-0022-000-0100,ENTREPA�O MUEBLE EXHIBIDOR 100 LVR 90X60,,
VEXH01-0022-MRH-0100,RH ENTREPA�O MUEBLE EXHIBIDOR 100 LVR 90X60,,
VEXH01-0023-000-0100,ENTREPA�O MUEBLE EXHIBIDOR 100 LVR 46X51 BLANCO,,
VEXH01-0023-MRH-0100,RH ENTREPA�O MUEBLE EXHIBIDOR 100 LVR 46X51 BLANCO,,
VEXH01-0024-000-0100,ENTREPA�O MUEBLE EXHIBIDOR 100 LVR 48X60,,
VEXH01-0024-MRH-0100,RH ENTREPA�O MUEBLE EXHIBIDOR 100 LVR 48X60,,
VEXH01-0025-000-0100,ENTREPA�O MUEBLE EXHIBIDOR 100 LVR 50X50,,
VEXH01-0025-MRH-0100,RH ENTREPA�O MUEBLE EXHIBIDOR 100 LVR 50X50,,
VEXH01-0026-000-0100,ENTREPA�O MUEBLE EXHIBIDOR 100 LVR 80X60,,
VEXH01-0026-MRH-0100,RH ENTREPA�O MUEBLE EXHIBIDOR LVR 80X60,,
VEXH01-0028-000-0100,ESTRUCTURA GENERAL MUEBLE EXHIBIDOR 100 LVP/LVR SIN POP BLANCO,,
VEXH01-0029-000-0100,ESTRUCTURA GENERAL MUEBLE EXHIBIDOR 100 LVR-POP ESPECIAL BLANCO,,
VEXH01-0030-000-0100,ESTRUCTURA GENERAL MUEBLE EXHIBIDOR AUTOPORTANTE 100 LVP/LVR SIN POP BLANCO,,
VEXH01-0031-000-0100,ESTRUCTURA GENERAL MUEBLE EXHIBIDOR AUTOPORTANTE 100 LVP-POP GENERICO BLANCO,,
VEXH01-0032-000-0100,ESTRUCTURA GENERAL MUEBLE EXHIBIDOR AUTOPORTANTE 100 LVR-POP ESPECIAL BLANCO,,
VEXH01-0033-000-0100,ESTRUCTURA GENERAL MUEBLE EXHIBIDOR AUTOPORTANTE 100 LVR-POP GENERICO BLANCO,,
VEXH01-0034-000-0100,ESTRUCTURA GENERAL MBLE EXHIBIDOR AUTOPORTANTE 60 LVM LVR-POP GENERICO BLANCO,,
VEXH01-0035-000-0100,ESTRUCTURA GENERAL MBLE EXHIBIDOR AUTOPORTANTE 60 LVM LVR SIN POP BLANCO,,
VEXH01-0036-000-0100,RH ENTREPA�O MUEBLE EXHIBIDOR 60 LVM 40X30 BLANCO,,
VEXH01-0037-000-0100,RH ENTREPA�O MUEBLE EXHIBIDOR 60 LVM 48X38 BLANCO,,
VEXH01-0038-000-0100,RH ENTREPA�O MUEBLE EXHIBIDOR 60 LVM 48X43 BLANCO,,
VEXH01-0039-MRH-0100,RH ENTREPA�O MUEBLE EXHIBIDOR LVR 46X51+ LVT 40X35 BLANCO,,
VEXH01-0040-MRH-0100,RH ENTREPA�O MUEBLE EXHIBIDOR LVM IGUAZU X2 BLANCO,,
VEXH01-0043-000-0100,ENTREPA�O MUEBLE EXHIBIDOR 100 LVR 46X51 BLANCO,,
VEXH01-0044-000-0100,MUEBLE EXHIBIDOR COCINAS 240X221.5 CM-POP GENERICO BLANCO,,
VEXH01-0044-MRH-0100,RH MUEBLE EXHIBIDOR COCINAS 240X221.5 CM-POP GENERICO BLANCO,,
VEXH01-0045-MRH-0100,RH MUEBLE EXHIBIDOR COCINAS 240X221.5 CM-POP ESPECIAL BLANCO,,
VEXH01-0046-000-0100,ENTREPA�O MUEBLE EXHIBIDOR 100 LVR 100X70CM SIN PERFORACION BLANCO,,
VEXH01-0047-000-0100,ENTREPA�O MUEBLE EXHIBIDOR 100 LVP 100X70CM SIN PERFORACION BLANCO,,
VEXH01-0048-000-0100,RH ENTREPA�O MUEBLE EXHIBIDOR 60 LVR 46X51 BLANCO,,
VMPD09-0002-000-0000,BASE MUEBLE REPOSICIONES,OTRO FORMATO ETIQUETA,
VMPD09-0003-000-0000,DIVISION MUEBLE REPOSICIONES,OTRO FORMATO ETIQUETA,
VMPD09-0004-000-0000,TAPA MUEBLE REPOSICIONES,OTRO FORMATO ETIQUETA,
VMPD09-0005-000-0000,LAT DER MUEBLE REPOSICIONES,OTRO FORMATO ETIQUETA,
VMPD09-0006-000-0000,LAT IZQ MUEBLE REPOSICIONES,OTRO FORMATO ETIQUETA,
VMPD09-0007-000-0000,REF DEL MUEBLE REPOSICIONES,OTRO FORMATO ETIQUETA,
VMPD09-0008-000-0000,REF TRAS MUEBLE REPOSICIONES,OTRO FORMATO ETIQUETA,
VMPD09-0009-000-0000,ENTREPA�O MUEBLE REPOSICIONES,OTRO FORMATO ETIQUETA,
VMPD09-0010-000-0000,PUERTA DER MUEBLE REPOSICIONES,OTRO FORMATO ETIQUETA,
VMPD09-0011-000-0000,PUERTA IZQ MUEBLE REPOSICIONES,OTRO FORMATO ETIQUETA,
VMPD09-0012-000-0000,ESPALDAR MUEBLE REPOSICIONES,OTRO FORMATO ETIQUETA,
VMPD09-0013-000-0000,PARCHE CAJON MUEBLE REPOSICIONES,OTRO FORMATO ETIQUETA,
VMPD09-0014-000-0000,FONDO MUEBLE REPOSICIONES,OTRO FORMATO ETIQUETA,
VMPD09-0015-000-0000,FALDON MUEBLE REPOSICIONES,OTRO FORMATO ETIQUETA,
VMPD09-0016-000-0000,TRAS CAJON MUEBLE REPOSICIONES,OTRO FORMATO ETIQUETA,
VMPD09-0017-000-0000,REF PARED CHAFLAN MUEBLE REPOSICIONES,OTRO FORMATO ETIQUETA,
VMPD09-0018-000-0000,OTROS MUEBLE REPOSICIONES,OTRO FORMATO ETIQUETA,
VPAP03-0003-000-9999,MUESTRAS TABLERO MUEBLES COLORES DE LINEA EXPORTACION,OTRO FORMATO ETIQUETA,
VROP03-0001-000-0100,RH MUEBLE LVR 46X51 CON MANIJAS BLANCO,"Cambio progresivo, RH por CARB2-PUR",
VROP03-0002-000-0100,RH MUEBLE LVR 48x60 BLANCO,"Cambio progresivo, RH por CARB2-PUR",
VROP03-0002-SCH-0100,RH MUEBLE LVR 48X60 BLANCO SODIMAC CHILE,"Cambio progresivo, RH por CARB2-PUR",
VROP03-0003-000-0100,RH MUEBLE LVR 60X60 BLANCO,"Cambio progresivo, RH por CARB2-PUR",
VROP03-0003-SCH-0100,RH MUEBLE LVR 60X60 BLANCO SODIMAC CHILE,"Cambio progresivo, RH por CARB2-PUR",
VROP03-0004-000-0100,RH MUEBLE LVR 80X60 BLANCO,"Cambio progresivo, RH por CARB2-PUR",
VROP03-0006-000-0100,RH MUEBLE LVT 40X35 BLANCO,,
VROP03-0008-000-0100,RH MUEBLE LVR 90X60 BLANCO,"Cambio progresivo, RH por CARB2-PUR",
VROP03-0010-000-0100,RH MUEBLE LVR 50X50 BLANCO,"Cambio progresivo, RH por CARB2-PUR",
VROP03-0010-SCH-0100,RH MUEBLE LVR 50X50 BLANCO SODIMAC CHILE,"Cambio progresivo, RH por CARB2-PUR",
VROP03-0012-000-0100,RH MUEBLE LVR 70X60 BLANCO,"Cambio progresivo, RH por CARB2-PUR",
VROP03-0018-000-0100,RH MUEBLE SOPORTE ELEVADO 50X50,,
VROP03-0021-000-0100,RH MUEBLE LVR 40X35 BLANCO,"Cambio progresivo, RH por CARB2-PUR",
VROP03-0021-PTT-0100,MUEBLE LVR 40X35 BLANCO PROTOTIPO NO PROG SIN AUT DE DISENO,"Cambio progresivo, RH por CARB2-PUR",
VROP03-0022-000-0100,RH MUEBLE LVR 46X51 SIN MANIJAS BLANCO,"Cambio progresivo, RH por CARB2-PUR",
VROP03-0023-000-0100,RH MUEBLE LVR 48X60 SIN MANIJAS BLANCO,"Cambio progresivo, RH por CARB2-PUR",
VROP03-0024-000-0100,RH MUEBLE LVR 70X60 SIN MANIJAS BLANCO,"Cambio progresivo, RH por CARB2-PUR",
VROP03-0025-MRH-0100,RH MUEBLE LVR KUB ELEVADO 50X50 BLANCO,"Cambio progresivo, RH por CARB2-PUR",
VROP03-0026-MRH-0100,RH MUEBLE LVR KUB ELEVADO 46X51 BLANCO,"Cambio progresivo, RH por CARB2-PUR",
VROP03-0027-MRH-0100,RH MUEBLE LVR KUB ELEVADO 60X60 BLANCO,"Cambio progresivo, RH por CARB2-PUR",
VROP03-0028-000-0100,RH MUEBLE LVR KUB 55X50 BLANCO,"Cambio progresivo, RH por CARB2-PUR",
VROP03-0028-MRH-0100,RH MUEBLE LVR KUB 55X50 BLANCO,"Cambio progresivo, RH por CARB2-PUR",
VROP03-0029-MRH-0100,RH MUEBLE LVR PISO 55X50 BLANCO,"Cambio progresivo, RH por CARB2-PUR",
VROP03-0030-000-1357,RH MUEBLE LVR PISO 48X51 CANDELARIA MATE,"Cambio progresivo, RH por CARB2-PUR",
VROP03-0031-000-0100,RH MUEBLE LVR 46X51 SIN PUERTAS BLANCO,"Cambio progresivo, RH por CARB2-PUR",
VROP07-0001-000-0100,RH MUEBLE LVR PRO 60X60 CANTO 2MM BLANCO,"Cambio progresivo, RH por CARB2-PUR",
VROP07-0001-SCH-0100,RH MUEBLE LVR PRO 60X60 CANTO 2MM BLANCO SODIMAC CHILE,"Cambio progresivo, RH por CARB2-PUR",
VROP07-0002-000-0100,RH MUEBLE LVR PRO 100X60 CANTO 2MM BLANCO,"Cambio progresivo, RH por CARB2-PUR",
VROP07-0003-000-0100,RH MUEBLE LVR PRO 140X60 PARA LAVADORA CANTO 2MM BLANCO,"Cambio progresivo, RH por CARB2-PUR",
VROP07-0004-000-0100,RH MUEBLE LVR BARRA PRO 140X60 C/ TOLVAS CANTO 2MM BLANCO,"Cambio progresivo, RH por CARB2-PUR",
VROP07-0005-000-0100,RH MUEBLE LVT PRO CANTO 2MM 46X36 BLANCO,,
VROP07-0006-000-0100,RH MUEBLE AUXILIAR ESCOBAS LVT PRO CANTO 2MM 46X36 BLANCO,,
VROP07-0009-000-0100,RH MUEBLE SUPERIOR PRO CANTO 2MM 75 BLANCO,,
VROP07-0012-000-0100,RH MUEBLE SUPERIOR PRO 70 CANTO 2MM BLANCO,,
VROP07-0013-000-0100,RH MUEBLE SUPERIOR PRO CANTO 2MM 30 BLANCO,,
VROP07-0013-PTT-0100,RH MUEBLE SUPERIOR PRO CANTO 2MM 30 BLANCO PROTOTIPO,NO NECESITA ETIQUETA,
VROP11-0001-MRH-0100,RH MUEBLE LVR KUB 50X50 ARMADO BLANCO,"Cambio progresivo, RH por CARB2-PUR",
VROP11-0003-000-0100,RH MUEBLE LVR 40X35 ARMADO BLANCO,"Cambio progresivo, RH por CARB2-PUR",
VROP12-0001-MRH-0100,RH MUEBLE SUPERIOR PRO 70 CANTO 2MM ARMADO BLANCO,,
VROP12-0002-MRH-0100,RH MUEBLE SUPERIOR PRO CANTO 2MM 30 ARMADO BLANCO,,
VROP12-0003-MRH-0100,RH MUEBLE LVR PRO 60X60 CANTO 2MM ARMADO BLANCO,"Cambio progresivo, RH por CARB2-PUR",
