#,Tienda,Información
1,Tienda Calle 138,Muestras de colores Cocinas exclusivas Alfagres
2,Tienda Bolivariana,Muestras de colores Cocinas exclusivas Alfagres
3,Tienda Boulevard 14,Muestras de colores Cocinas exclusivas Alfagres
4,Tienda Ochenta,Muestras de colores Cocinas exclusivas Alfagres
5,Tienda Capri,Muestras de colores Cocinas exclusivas Alfagres
6,Tienda Cucuta,Muestras de colores Cocinas exclusivas Alfagres
7,Tienda Diag. 15,Muestras de colores Cocinas exclusivas Alfagres
8,Tienda Prado,Muestras de colores Cocinas exclusivas Alfagres
9,Tienda Ocala,Muestras de colores Cocinas exclusivas Alfagres
10,Tienda Teusaquillo,Muestras de colores Cocinas exclusivas Alfagres
11,Tienda Pasto,Muestras de colores Cocinas exclusivas Alfagres
12,Tienda Popayan,Muestras de colores Cocinas exclusivas Alfagres
13,Tienda Tunja,Muestras de colores Cocinas exclusivas Alfagres
14,Tienda Rionegro,Muestras de colores Cocinas exclusivas Alfagres
15,Tienda Calle 26,Muestras de colores Cocinas exclusivas Alfagres
16,Tienda 104,Muestras de colores Cocinas exclusivas Alfagres
17,Tienda Turin,Muestras de colores Cocinas exclusivas Alfagres
18,Tienda Valledupar,Muestras de colores Cocinas exclusivas Alfagres
19,Tienda Chía,Muestras de colores Cocinas exclusivas Alfagres
20,Chicó Studio,Muestras de colores Cocinas exclusivas Alfagres
21,Tienda Alfa Niza,Muestras de colores Cocinas exclusivas Alfagres
22,Tienda Neiva,Muestras de colores Cocinas exclusivas Alfagres
23,Tienda Sinú,Muestras de colores Cocinas exclusivas Alfagres
24,Ideo Studio,Muestras de colores Cocinas exclusivas Alfagres
25,Tienda Amberes,Muestras de colores Cocinas exclusivas Alfagres
26,Alto Prado 53 Studio,Muestras de colores Cocinas exclusivas Alfagres
27,Tienda Armenia,Muestras de colores Cocinas exclusivas Alfagres
28,Tienda Calle 30,Muestras de colores Cocinas exclusivas Alfagres
29,Tienda Concepción,Muestras de colores Cocinas exclusivas Alfagres
30,Tienda Floridablanca,Muestras de colores Cocinas exclusivas Alfagres
31,Tienda Guayabal,Muestras de colores Cocinas exclusivas Alfagres
32,Tienda La Base Cra8,Muestras de colores Cocinas exclusivas Alfagres
33,Soacha Outlet,Muestras de colores Cocinas exclusivas Alfagres
34,Tienda 7 de Agosto,Muestras de colores Cocinas exclusivas Alfagres
35,Tienda Duitama,Muestras de colores Cocinas exclusivas Alfagres
36,Tienda Tuluá Centro,Muestras de colores Cocinas exclusivas Alfagres
37,Tienda Soacha,Muestras de colores Cocinas exclusivas Alfagres
38,Tienda Venecia,Muestras de colores Cocinas exclusivas Alfagres
39,Tienda Santa Lucia,Muestras de colores Cocinas exclusivas Alfagres
40,Tienda Fontibón,Muestras de colores Cocinas exclusivas Alfagres
41,Tienda Zipaquirá,Muestras de colores Cocinas exclusivas Alfagres
42,Tienda Las Margarita,Muestras de colores Cocinas exclusivas Alfagres
43,Tienda Villavicencio,Muestras de colores Cocinas exclusivas Alfagres
44,Tienda Toberin Exp,Muestras de colores Cocinas exclusivas Alfagres
45,Tienda Villeta Exp,Muestras de colores Cocinas exclusivas Alfagres
46,Tienda Madrid Exp,Muestras de colores Cocinas exclusivas Alfagres
47,Tienda Ibagué Exp,Muestras de colores Cocinas exclusivas Alfagres
48,Tienda Mosquera Exp,Muestras de colores Cocinas exclusivas Alfagres
49,Tienda Ubate Exp,Muestras de colores Cocinas exclusivas Alfagres
50,Tienda Sogamoso Exp,Muestras de colores Cocinas exclusivas Alfagres
51,Tienda Quirigua Exp,Muestras de colores Cocinas exclusivas Alfagres
52,Tienda Yopal Exp,Muestras de colores Cocinas exclusivas Alfagres
53,Tienda La Mesa Exp,Muestras de colores Cocinas exclusivas Alfagres
54,Tienda Ferias Exp,Muestras de colores Cocinas exclusivas Alfagres
55,Tienda Fusa/ga Exp,Muestras de colores Cocinas exclusivas Alfagres
56,Tienda Tocancipa Exp,Muestras de colores Cocinas exclusivas Alfagres
57,Tienda Girardot Exp,Muestras de colores Cocinas exclusivas Alfagres
58,Tienda Faca/va Exp,Muestras de colores Cocinas exclusivas Alfagres
59,Tienda Acacías Exp,Muestras de colores Cocinas exclusivas Alfagres
60,Tienda Restrepo Exp,Muestras de colores Cocinas exclusivas Alfagres
61,Tienda Monteria Exp,Muestras de colores Cocinas exclusivas Alfagres
62,Tienda Manizales Exp,Muestras de colores Cocinas exclusivas Alfagres
63,Tienda Cartago Exp,Muestras de colores Cocinas exclusivas Alfagres
64,Tienda Dosq/das Exp,Muestras de colores Cocinas exclusivas Alfagres
65,Tienda Pradera Exp,Muestras de colores Cocinas exclusivas Alfagres
66,Tienda Sta Rosa Exp,Muestras de colores Cocinas exclusivas Alfagres
67,Tienda Sta Marta Exp,Muestras de colores Cocinas exclusivas Alfagres
68,Tienda Los Patios Ex,Muestras de colores Cocinas exclusivas Alfagres
69,Tienda La Dorada Exp,Muestras de colores Cocinas exclusivas Alfagres
70,Tienda Piede/ta Exp,Muestras de colores Cocinas exclusivas Alfagres
71,Tienda Girón Exp,Muestras de colores Cocinas exclusivas Alfagres
72,Tienda Sabaneta Exp,Muestras de colores Cocinas exclusivas Alfagres
73,Tienda La Ceja Exp,Muestras de colores Cocinas exclusivas Alfagres
74,Tienda Valle/par Exp,Muestras de colores Cocinas exclusivas Alfagres
75,Tienda Barranca Exp,Muestras de colores Cocinas exclusivas Alfagres
76,Tienda Palmira Exp,Muestras de colores Cocinas exclusivas Alfagres
77,Tienda Soledad Exp,Muestras de colores Cocinas exclusivas Alfagres
78,Tienda Cartagena Exp,Muestras de colores Cocinas exclusivas Alfagres
