SKU,Description,Observation,Isometric
VBAN05-0029-CME-0100,RH MUEBLE BASICO PISO LVM 48X38 BLANCO - MANIJA NEGRA,,
VBAN05-0059-000-0100,MUEBLE BASICO PISO LVM 79X48 BLANCO,,
VBAN05-0060-000-0100,MUEBLE BASICO PISO LVM 94X48 BLANCO,,
VBAN05-0081-000-0100,RH MUEBLE SOPORTE 48X43 BLANCO,,
VBAN05-0082-000-0100,RH MUEBLE SOPORTE 40X30 BLANCO,,
VBAN05-0083-000-0100,RH MUEBLE SOPORTE 63x48 BLANCO,,
VBAN05-0084-000-0100,RH MUEBLE SOPORTE 48X38 BLANCO,,
VCOC01-0037-000-0100,RH MUEBLE INFERIOR COCINA 150CM 2 PUERTAS VIVE BLANCO,,
VCOC01-0041-000-0100,MUEBLE SUPERIOR COCINA AMBAR 180CM PARA CAMPANA CANTO 2MM BLANCO,,
VCOC01-0041-000-1306,MUEBLE SUPERIOR COCINA AMBAR 180CM PARA CAMPANA CANTO 2MM CARBONO/BLANCO RH,,
VCOC01-0043-000-0100,MUEBLE INFERIOR COCINA AMBAR 180x60CM CANTO 2MM 1C 5P BLANCO,,
VCOC01-0043-000-1306,MUEBLE INFERIOR COCINA AMBAR 180X60CM CANTO 2MM 1C 5P CARBONO/BLANCO RH,,
VCOC01-0044-000-0100,RH MUEBLE SUPERIOR COCINA AMBAR 180CM PARA CAMPANA CANTO 2MM BLANCO,,
VCOC01-0044-KND-0100,RH MUEBLE SUPERIOR COCINA AMBAR 180CM PARA CAMPANA CANTO 2MM BLANCO-KENNEDY,,
VCOC01-0045-000-0100,RH MUEBLE INFERIOR COCINA AMBAR 180x55CM CANTO 2MM BLANCO,,
VCOC01-0050-MRH-0100,RH MUEBLE INFERIOR COCINA AMBAR 150x60CM CANTO 2MM 1C 4P BLANCO,,
VCOC01-0050-RFM-0100,RH MUEBLE INFERIOR COCINA AMBAR 150X60CM CANTO 2MM 1C 4P BLANCO-FERMETAL,,
VCOC01-0060-KND-0100,RH MUEBLE INFERIOR COCINA AMBAR 180x60CM CANTO 2MM 1C 5P BLANCO-KENNEDY,,
VCOC01-0060-RFM-0100,RH MUEBLE INFERIOR COCINA AMBAR 180X60CM CANTO 2MM 1C 5P BLANCO-FERMETAL,,
VCOC01-0061-000-0100,RH MUEBLE INFERIOR COCINA AMBAR 150X55CM CANTO 2MM 1C 4P BLANCO,,
VCOC01-0062-000-0100,RH MUEBLE SUPERIOR COCINA AMBAR 150CM PARA CAMPANA CANTO 2MM BLANCO,,
VCOC01-0063-000-0100,RH MUEBLE INFERIOR COCINA AMBAR 150x60CM CANTO 2MM 1C 4P BLANCO,,
VCOC01-0064-000-0100,MUEBLE BARRA COCINA AMBAR 120x55CM CANTO 2MM BLANCO,,
VCOC01-0065-000-0100,RH MUEBLE BARRA COCINA AMBAR 120x55CM CANTO 2MM BLANCO,,
VCOC01-0065-RFM-0100,RH MUEBLE BARRA COCINA AMBAR 120X55CM CANTO 2MM BLANCO-FERMETAL,,
VCOC01-0066-000-0100,RH MUEBLE ALACENA AMBAR 60CM CANTO 2MM BLANCO,,
VCOC01-0067-000-0100,RH MUEBLE ALACENA AMBAR 60CM CANTO 2MM BLANCO,,
VCOC01-0067-RFM-0100,RH MUEBLE ALACENA AMBAR 60CM CANTO 2MM BLANCO-FERMETAL,,
VCOC01-0074-MRH-0100,RH MUEBLE INFERIOR COCINA VIVE 150X55 CON ESPALDAR BLANCO,,
VCOC01-0075-MRH-0100,RH MBLE SUP COCINA GEOS 210X60CM MODULO P BASCULANTES 53X36.5CM BLANCO,,
VCOC01-0076-MRH-0100,RH MBLE SUP COCINA GEOS 210X60CM MODULO MOVIL 30X36.5CM BLANCO,,
VCOC01-0077-MRH-0100,RH MBLE SUP COCINA GEOS 210X60CM MODULO LOCERO 64X36.5CM BLANCO,,
VCOC01-0078-MRH-0100,RH MBLE SUP COCINA GEOS 210X60CM MODULO CUBO AUXILIAR 83X20CM BLANCO,,
VCOC01-0079-MRH-0100,RH MBLE SUP COCINA GEOS 210X60CM MODULO PARA CAMPANA 630X45CM BLANCO,,
VCOC01-0080-MRH-0100,RH MBLE INF COCINA GEOS 210X60CM MODULO LAVAPLATOS 91X59CM BLANCO,,
VCOC01-0081-MRH-0100,RH MBLE INF COCINA GEOS 210X60CM MODULO HORNO 72.2X59CM BLANCO,,
VCOC01-0082-MRH-0100,RH MBLE INF COCINA GEOS 210X60CM MODULO CAJONES 44.8X59CM BLANCO,,
VCOC01-0083-MRH-0100,RH MUEBLE BARRA COCINA GEOS 160X90 BLANCO,,
VCOC01-0084-RFM-0100,RH MUEBLE SUPERIOR COCINA 80CM PARA CAMPANA BLANCO-FERMETAL,,
VCOC01-0085-RFM-0100,RH MUEBLE SUPERIOR COCINA 70CM BLANCO-FERMETAL,,
VCOC01-0086-RFM-0100,RH MUEBLE SUPERIOR COCINA 40CM BLANCO-FERMETAL,,
VCOC01-0087-RFM-0100,RH MUEBLE SUPERIOR COCINA 110CM BLANCO-FERMETAL,,
VCOC01-0088-RFM-0100,RH MUEBLE INFERIOR COCINA 55CM BLANCO-FERMETAL,,
VCOC01-0089-RFM-0100,RH MUEBLE SUPERIOR COCINA 55CM BLANCO-FERMETAL,,
VCOC01-0090-MRH-0100,RH MUEBLE INFERIOR COCINA AMBAR 120X55CM CANTO 2MM 1C 4P BLANCO,,
VCOC01-0091-MRH-0100,RH MUEBLE SUPERIOR COCINA AMBAR 120CM PARA CAMPANA CANTO 2MM BLANCO,,
VCOC01-0095-000-0100,RH MBLE INF 70 COC GEOS 2P 1 ENTREPA�O BLANCO,,
VCOC01-0098-MRH-0100,MBLE SUP COCINA GEOS MODULO CUBO AUXILIAR OPEN SHELF 53X20CM BLANCO,,
VCOC01-0099-000-0100,RH MBLE INF 65 COC GEOS 2P 1 ENTREPA�O BLANCO,,
VCOC01-0112-MRH-0100,RH MBLE INF COCINA ZAFIRO 180X60 BLANCO,,
VCOC01-0114-MRH-0100,RH MBLE SUP COCINA ZAFIRO 180X60 PARA CAMPANA BLANCO,,
VCOC01-0115-MRH-0100,RH MBLE SUP COCINA ZAFIRO 180X60 PARA MICROONDAS BLANCO,,
VCOC01-0116-MRH-0100,RH MUEBLE BARRA COCINA ZAFIRO 140X60CM CANTO 2MM BLANCO,,
VCOC01-0117-000-0100,KIT PUERTAS COCINA OBRA 150X55CM BLANCO RH/SODER,,
VCOC01-0117-MRH-0100,RH KIT PUERTAS COCINA OBRA 150X55CM BLANCO,,
VCOC01-0118-MRH-0100,RH ESTRUCTURA COCINA OBRA 150X55CM BLANCO,,
VCOC01-0119-MRH-0100,RH MUEBLE INFERIOR COCINA 150CM 4 PUERTAS VIVE BLANCO,,
VCOC01-0120-000-0321,MUEBLE SUPERIOR COCINA AMBAR 150CM PARA CAMPANA CANTO 2MM BLANCO RH/SODER MALI,,
VCOC01-0120-000-0322,MUEBLE SUPERIOR COCINA AMBAR 150CM PARA CAMPANA CANTO 2MM BLANCO RH/NOLA-GRACIA,,
VCOC01-0120-000-0323,MUEBLE SUPERIOR COCINA AMBAR 150CM PARA CAMPANA CANTO 2MM BLANCO RH/AUSTRAL,,
VCOC01-0120-000-0324,MUEBLE SUPERIOR COCINA AMBAR 150CM PARA CAMPANA CANTO 2MM BLANCO RH/MITTE-TAMBO,,
VCOC01-0120-000-1353,MUEBLE SUPERIOR COCINA AMBAR 150CM PARA CAMPANA CANTO 2MM BLANCO RH/GRACIA-SIKUANI,,
VCOC01-0120-MRH-0100,ESTRUCTURA COCINA OBRA CON REBANCO 150X55CM BLANCO RH,,
VCOC01-0121-000-0321,MUEBLE INFERIOR COCINA AMBAR 150x55CM CANTO 2MM 1C 4P BLANCO RH/SODER-MALI,,
VCOC01-0121-000-0322,MUEBLE INFERIOR COCINA AMBAR 150x55CM CANTO 2MM 1C 4P BLANCO RH/GRACIA-NOLA,,
VCOC01-0121-000-0323,MUEBLE INFERIOR COCINA AMBAR 150x55CM CANTO 2MM 1C 4P BLANCO RH/AUSTRAL,,
VCOC01-0121-000-0324,MUEBLE INFERIOR COCINA AMBAR 150x55CM CANTO 2MM 1C 4P BLANCO RH/MITTE-TAMBO,,
VCOC01-0121-000-1353,MUEBLE INFERIOR COCINA AMBAR 150x55CM CANTO 2MM 1C 4P BLANCO RH/GRACIA-SIKUANI,,
VCOC01-0122-000-0321,MUEBLE INFERIOR COCINA AMBAR 150X60CM CANTO 2MM 1C 4P BLANCO RH/SODER-MALI,,
VCOC01-0122-000-0322,MUEBLE INFERIOR COCINA AMBAR 150X60CM CANTO 2MM 1C 4P BLANCO RH/NOLA-GRACIA,,
VCOC01-0122-000-0323,MUEBLE INFERIOR COCINA AMBAR 150X60CM CANTO 2MM 1C 4P BLANCO RH/AUSTRAL,,
VCOC01-0122-000-0324,MUEBLE INFERIOR COCINA AMBAR 150X60CM CANTO 2MM 1C 4P BLANCO RH/MITTE-TAMBO,,
VCOC01-0123-000-0321,MUEBLE SUPERIOR COCINA AMBAR 180CM PARA CAMPANA CANTO 2MM BLANCO RH/SODER-MALI,,
VCOC01-0123-000-0322,MUEBLE SUPERIOR COCINA AMBAR 180CM PARA CAMPANA CANTO 2MM BLANCO RH/NOLA-GRACIA,,
VCOC01-0123-000-0323,MUEBLE SUPERIOR COCINA AMBAR 180CM PARA CAMPANA CANTO 2MM BLANCO RH/AUSTRAL,,
VCOC01-0123-000-0324,MUEBLE SUPERIOR COCINA AMBAR 180CM PARA CAMPANA CANTO 2MM BLANCO RH/MITTE-TAMBO,,
VCOC01-0124-000-0321,MUEBLE INFERIOR COCINA AMBAR 180x55CM CANTO 2MM 1C 5P BLANCO RH/SODER-MALI,,
VCOC01-0124-000-0322,MUEBLE INFERIOR COCINA AMBAR 180x55CM CANTO 2MM 1C 5P BLANCO RH/NOLA-GRACIA,,
VCOC01-0125-000-0321,MUEBLE INFERIOR COCINA AMBAR 180x60CM CANTO 2MM 1C 5P BLANCO RH/SODER-MALI,,
VCOC01-0125-000-0322,MUEBLE INFERIOR COCINA AMBAR 180x60CM CANTO 2MM 1C 5P BLANCO RH/NOLA-GRACIA,,
VCOC01-0125-000-0323,MUEBLE INFERIOR COCINA AMBAR 180x60CM CANTO 2MM 1C 5P BLANCO RH/AUSTRAL,,
VCOC01-0125-000-0324,MUEBLE INFERIOR COCINA AMBAR 180x60CM CANTO 2MM 1C 5P BLANCO RH/MITTE-TAMBO,,
VCOC01-0126-MRH-0100,RH MUEBLE SUPERIOR COCINA AGATA 180X60CM CANTO 2MM BLANCO,,
VCOC01-0127-MRH-0100,RH MUEBLE INFERIOR COCINA AGATA 180X60CM CANTO 2MM 5P BLANCO,,
VCOC01-0129-MRH-0100,RH MUEBLE SUPERIOR COCINA OBSI 150X55CM CANTO 2MM BLANCO,,
VCOC01-0130-MRH-0100,RH MUEBLE INFERIOR COCINA OBSI 150X55CM CANTO 2MM 4P BLANCO,,
VCOC01-0131-MRH-0100,RH MUEBLE SUPERIOR COCINA GEOS RETAIL 210X60 BLANCO,,
VCOC01-0132-MRH-0100,RH MUEBLE INFERIOR COCINA GEOS RETAIL 210X60 BLANCO,,
VCOC01-0133-000-0321,MUEBLE SUPERIOR COCINA OBSI 150X55CM CANTO 2MM BLANCO RH-SODER/MALI,,
VCOC01-0133-000-0322,MUEBLE SUPERIOR COCINA OBSI 150X55CM CANTO 2MM BLANCO RH-GRACIA/SIKUANI,,
VCOC01-0133-000-0323,MUEBLE SUPERIOR COCINA OBSI 150X55CM CANTO 2MM BLANCO RH-AUSTRAL,,
VCOC01-0133-000-0324,MUEBLE SUPERIOR COCINA OBSI 150X55CM CANTO 2MM BLANCO RH-MITTE/TAMBO,,
VCOC01-0133-000-0326,MUEBLE SUPERIOR COCINA OBSI 150X55CM CANTO 2MM BLANCO RH-FLORMORADO,,
VCOC01-0134-000-0321,MUEBLE INFERIOR COCINA OBSI 150X55CM CANTO 2MM BLANCO RH-SODER/MALI,,
VCOC01-0134-000-0322,MUEBLE INFERIOR COCINA OBSI 150X55CM CANTO 2MM BLANCO RH-GRACIA/SIKUANI,,
VCOC01-0134-000-0323,MUEBLE INFERIOR COCINA OBSI 150X55CM CANTO 2MM BLANCO RH-AUSTRAL,,
VCOC01-0134-000-0324,MUEBLE INFERIOR COCINA OBSI 150X55CM CANTO 2MM BLANCO RH-MITTE/TAMBO,,
VCOC01-0134-000-0326,MUEBLE INFERIOR COCINA OBSI 150X55CM CANTO 2MM BLANCO RH-FLORMORADO,,
VCOC01-0135-000-0322,MUEBLE SUPERIOR COCINA GEOS RETAIL 210X60 BLANCO RH-GRACIA/SIKUANI,,
VCOC01-0135-000-0323,MUEBLE SUPERIOR COCINA GEOS RETAIL 210X60 BLANCO RH-AUSTRAL,,
VCOC01-0135-000-0324,MUEBLE SUPERIOR COCINA GEOS RETAIL 210X60 BLANCO RH-MITTE/TAMBO,,
VCOC01-0136-000-0321,MUEBLE INFERIOR COCINA GEOS RETAIL 210X60 BLANCO RH-SODER/MALI,,
VCOC01-0136-000-0322,MUEBLE INFERIOR COCINA GEOS RETAIL 210X60 BLANCO RH-GRACIA/SIKUANI,,
VCOC01-0136-000-0323,MUEBLE INFERIOR COCINA GEOS RETAIL 210X60 BLANCO RH-AUSTRAL,,
VCOC01-0136-000-0324,MUEBLE INFERIOR COCINA GEOS RETAIL 210X60 BLANCO RH-MITTE/TAMBO,,
VCOC01-0137-MRH-0100,RH MUEBLE BARRA COCINA ZAFIRO TERRABONGA 140X60CM CANTO 2MM BLANCO,,
VCOC01-0138-000-0321,MUEBLE SUPERIOR COCINA AGATA 180X60CM CANTO 2MM BLANCO RH-SODER/MALI,,
VCOC01-0138-000-0322,MUEBLE SUPERIOR COCINA AGATA 180X60CM CANTO 2MM BLANCO RH-GRACIA/SIKUANI,,
VCOC01-0138-000-0323,MUEBLE SUPERIOR COCINA AGATA 180X60CM CANTO 2MM BLANCO RH-AUSTRAL,,
VCOC01-0138-000-0324,MUEBLE SUPERIOR COCINA AGATA 180X60CM CANTO 2MM BLANCO RH-MITTE/TAMBO,,
VCOC01-0139-000-0321,MUEBLE INFERIOR COCINA AGATA 180X60CM CANTO 2MM 5P BLANCO RH-SODER/MALI,,
VCOC01-0139-000-0322,MUEBLE INFERIOR COCINA AGATA 180X60CM CANTO 2MM 5P BLANCO RH-GRACIA/SIKUANI,,
VCOC01-0139-000-0323,MUEBLE INFERIOR COCINA AGATA 180X60CM CANTO 2MM 5P BLANCO RH-AUSTRAL,,
VCOC01-0139-000-0324,MUEBLE INFERIOR COCINA AGATA 180X60CM CANTO 2MM 5P BLANCO RH-MITTE/TAMBO,,
VCOC01-0140-MRH-0100,RH MBLE INF COCINA ZAFIRO TERRABONGA 180X60 BLANCO,,
VCOC01-0142-000-0321,MUEBLE INFERIOR COCINA ZAREL 180X60CM BLANCO RH/SODER-MALI,,
VCOC01-0142-000-1332,MUEBLE INFERIOR COCINA ZAREL 180X60CM OLIVA/JAYKA-RH BLANCO,,
VCOC01-0142-000-1351,MUEBLE INFERIOR COCINA ZAREL 180X60CM MARFIL/YALAA-RH BLANCO,,
VCOC01-0142-000-1352,MUEBLE INFERIOR COCINA ZAREL 180X60CM GRIS/SUKTA-RH BLANCO,,
VCOC01-0143-000-0321,MUEBLE SUPERIOR COCINA ZAREL 180X60CM BLANCO RH/SODER-MALI,,
VCOC01-0143-000-1332,MUEBLE SUPERIOR COCINA ZAREL 180X60CM OLIVA/JAYKA-RH BLANCO,,
VCOC01-0143-000-1351,MUEBLE SUPERIOR COCINA ZAREL 180X60CM MARFIL/YALAA-RH BLANCO,,
VCOC01-0143-000-1352,MUEBLE SUPERIOR COCINA ZAREL 180X60CM GRIS/SUKTA-RH BLANCO,,
VCOC01-0144-000-0321,MUEBLE INFERIOR COCINA ZAREL 150X60CM BLANCO RH/SODER-MALI,,
VCOC01-0144-000-1332,MUEBLE INFERIOR COCINA ZAREL 150X60CM OLIVA/JAYKA-RH BLANCO,,
VCOC01-0144-000-1351,MUEBLE INFERIOR COCINA ZAREL 150X60CM MARFIL/YALAA-RH BLANCO,,
VCOC01-0145-000-0321,MUEBLE SUPERIOR COCINA ZAREL 150X60CM BLANCO RH/SODER-MALI,,
VCOC01-0145-000-1332,MUEBLE SUPERIOR COCINA ZAREL 150X60CM OLIVA/JAYKA-RH BLANCO,,
VCOC01-0145-000-1351,MUEBLE SUPERIOR COCINA ZAREL 150X60CM MARFIL/YALAA-RH BLANCO,,
VCOC01-0145-000-1352,MUEBLE SUPERIOR COCINA ZAREL 150X60CM GRIS/SUKTA-RH BLANCO,,
VCOC01-0145-MRH-0100,ESTRUCTURA COCINA OBRA SIN REBANCO 150X55 BLANCO RH,,
VCOC01-0146-MRH-0100,RH MUEBLE INFERIOR COCINA GEOS RETAIL 4 PUERTAS 210X60 BLANCO,,
VCOC01-0147-000-0321,MUEBLE INFERIOR COCINA GEOS RETAIL 4 PUERTAS 210X60 BLANCO RH-SODER/MALI PARTE 1,,
VCOC01-0147-000-0322,MUEBLE INFERIOR COCINA GEOS RETAIL 4 PUERTAS 210X60 BLANCO RH-GRACIA/SIKUANI PARTE 1,,
VCOC01-0147-000-0323,MUEBLE INFERIOR COCINA GEOS RETAIL 4 PUERTAS 210X60 BLANCO RH-AUSTRAL PARTE 1,,
VCOC01-0147-000-0324,MUEBLE INFERIOR COCINA GEOS RETAIL 4 PUERTAS 210X60 BLANCO RH-MITTE/TAMBO PARTE 1,,
VCOC01-0148-000-1332,MUEBLE INFERIOR COCINA OREL 210X60CM OLIVA/JAYKA-RH BLANCO PARTE 1,,
VCOC01-0148-000-1351,MUEBLE INFERIOR COCINA OREL 210X60CM MARFIL/YALAA-RH BLANCO PARTE 1,,
VCOC01-0148-000-1352,MUEBLE INFERIOR COCINA OREL 210X60CM GRIS/SUKTA-RH BLANCO PARTE 1,,
VCOC01-0149-000-1332,MUEBLE INFERIOR COCINA OREL 210X60CM OLIVA/JAYKA-RH BLANCO PARTE 2,,
VCOC01-0149-000-1351,MUEBLE INFERIOR COCINA OREL 210X60CM MARFIL/YALAA-RH BLANCO PARTE 2,,
VCOC01-0149-000-1352,MUEBLE INFERIOR COCINA OREL 210X60CM GRIS/SUKTA-RH BLANCO PARTE 2,,
VCOC01-0150-000-1332,MUEBLE SUPERIOR COCINA OREL 210X60CM OLIVA/JAYKA-RH BLANCO PARTE 1,,
VCOC01-0150-000-1351,MUEBLE SUPERIOR COCINA OREL 210X60CM MARFIL/YALAA-RH BLANCO PARTE 1,,
VCOC01-0150-000-1352,MUEBLE SUPERIOR COCINA OREL 210X60CM GRIS/SUKTA-RH BLANCO PARTE 1,,
VCOC01-0151-000-1332,MUEBLE SUPERIOR COCINA OREL 210X60CM OLIVA/JAYKA-RH BLANCO PARTE 2,,
VCOC01-0151-000-1351,MUEBLE SUPERIOR COCINA OREL 210X60CM MARFIL/YALAA-RH BLANCO PARTE 2,,
VCOC01-0151-000-1352,MUEBLE SUPERIOR COCINA OREL 210X60CM GRIS/SUKTA-RH BLANCO PARTE 2,,
VCOC01-0153-000-1332,MUEBLE SUPERIOR COCINA OREL 180X60CM OLIVA/JAYKA-RH BLANCO,,
VCOC01-0153-000-1351,MUEBLE SUPERIOR COCINA OREL 180X60CM MARFIL/YALAA-RH BLANCO,,
VCOC01-0153-000-1352,MUEBLE SUPERIOR COCINA OREL 180X60CM GRIS/SUKTA-RH BLANCO,,
VCOC01-0154-000-1332,MUEBLE INFERIOR COCINA OREL 180X60CM OLIVA/JAYKA-RH BLANCO,,
VCOC01-0154-000-1351,MUEBLE INFERIOR COCINA OREL 180X60CM MARFIL/YALAA-RH BLANCO,,
VCOC01-0154-000-1352,MUEBLE INFERIOR COCINA OREL 180X60CM GRIS/SUKTA-RH BLANCO,,
VCOC01-0155-000-0437,MUEBLE INFERIOR COCINA KORE 150X55CM SODER-RH BLANCO,,
VCOC01-0155-000-0493,MUEBLE INFERIOR COCINA KORE 150X55CM AUSTRAL-RH BLANCO,,
VCOC01-0155-000-1332,MUEBLE INFERIOR COCINA KORE 150X55CM BLANCO RH-JAYKA,,
VCOC01-0155-000-1351,MUEBLE INFERIOR COCINA KORE 150X55CM BLANCO RH-YALAA,,
VCOC01-0155-000-1352,MUEBLE INFERIOR COCINA KORE 150X55CM BLANCO RH-SUKTA,,
VCOC01-0156-000-0437,MUEBLE SUPERIOR COCINA KORE 150X55CM SODER-RH BLANCO,,
VCOC01-0156-000-0493,MUEBLE SUPERIOR COCINA KORE 150X55CM AUSTRAL-RH BLANCO,,
VCOC01-0156-000-1332,MUEBLE SUPERIOR COCINA KORE 150X55CM BLANCO RH-JAYKA,,
VCOC01-0156-000-1351,MUEBLE SUPERIOR COCINA KORE 150X55CM BLANCO RH-YALAA,,
VCOC01-0156-000-1352,MUEBLE SUPERIOR COCINA KORE 150X55CM BLANCO RH-SUKTA,,
VCOC01-0163-000-1356,ALACENA 60X35 CANDELARIA RH/GRACIA-SIKUANI,,
VCOC01-0163-000-1369,ALACENA 60X35 CANDELARIA RH/MITTE-TAMBO,,
VCOC01-0163-000-1370,ALACENA 60X35 CANDELARIA RH/SODER-MALI,,
VCOC01-0164-000-1332,MUEBLE ALACENA SIN MANIJA 60X60CM OLIVA/JAYKA-BLANCO RH,,
VCOC01-0164-000-1351,MUEBLE ALACENA SIN MANIJA 60X60CM MARFIL/YALAA - BLANCO RH,,
VCOC01-0164-000-1352,MUEBLE ALACENA SIN MANIJA 60X60CM GRIS/SUKTA-BLANCO RH,,
VCOC01-0165-000-0322,MUEBLE COCINA INF JADE 200X60 BLANCO RH-GRACIA/SIKUANI PARTE 1,,
VCOC01-0165-000-0323,MUEBLE COCINA INF JADE 200X60 BLANCO RH-AUSTRAL PARTE 1,,
VCOC01-0165-000-0437,MUEBLE COCINA INF JADE 200X60 BLANCO RH-SODER/MALI PARTE 1,,
VCOC01-0165-000-0439,MUEBLE COCINA INF JADE 200X60 BLANCO RH-MITTE/TAMBO PARTE 1,,
VCOC01-0165-000-1361,MUEBLE COCINA INF JADE 200X60 BLANCO RH-JAYKA PARTE 1,,
VCOC01-0166-000-0322,MUEBLE COCINA INF JADE 200X60 BLANCO RH-GRACIA/SIKUANI PARTE 2,,
VCOC01-0166-000-0323,MUEBLE COCINA INF JADE 200X60 BLANCO RH-AUSTRAL PARTE 2,,
VCOC01-0166-000-0437,MUEBLE COCINA INF JADE 200X60 BLANCO RH-SODER/MALI PARTE 2,,
VCOC01-0166-000-0439,MUEBLE COCINA INF JADE 200X60 BLANCO RH-MITTE/TAMBO PARTE 2,,
VCOC01-0166-000-1361,MUEBLE COCINA INF JADE 200X60 BLANCO RH-JAYKA PARTE 2,,
VCOC01-0167-000-0322,MUEBLE COCINA SUP  JADE 200X60 BLANCO RH-GRACIA/SIKUANI PARTE 1,,
VCOC01-0167-000-0323,MUEBLE COCINA SUP JADE 200X60 BLANCO RH-AUSTRAL PARTE 1,,
VCOC01-0167-000-0437,MUEBLE COCINA SUP JADE 200X60 BLANCO RH-SODER/MALI PARTE 1,,
VCOC01-0167-000-0439,MUEBLE COCINA SUP JADE 200X60 BLANCO RH-MITTE/TAMBO PARTE 1,,
VCOC01-0167-000-1361,MUEBLE COCINA SUP  JADE 200X60 BLANCO RH-JAYKA PARTE 1,,
VCOC01-0168-000-0322,MUEBLE COCINA SUP  JADE 200X60 BLANCO RH-GRACIA/SIKUANI PARTE 2,,
VCOC01-0168-000-0323,MUEBLE COCINA SUP JADE 200X60 BLANCO RH-AUSTRAL PARTE 2,,
VCOC01-0168-000-0437,MUEBLE COCINA SUP JADE 200X60 BLANCO RH-SODER/MALI PARTE 2,,
VCOC01-0168-000-0439,MUEBLE COCINA SUP JADE 200X60 BLANCO RH-MITTE/TAMBO PARTE 2,,
VCOC01-0168-000-1361,MUEBLE COCINA SUP  JADE 200X60 BLANCO RH-JAYKA PARTE 2,,
VCOC01-0172-000-0321,MUEBLE INFERIOR COCINA GEOS RETAIL 4 PUERTAS 210X60 BLANCO RH-SODER/MALI PARTE 2,,
VCOC01-0172-000-0322,MUEBLE INFERIOR COCINA GEOS RETAIL 4 PUERTAS 210X60 BLANCO RH-GRACIA/SIKUANI PARTE 2,,
VCOC01-0172-000-0323,MUEBLE INFERIOR COCINA GEOS RETAIL 4 PUERTAS 210X60 BLANCO RH-AUSTRAL PARTE 2,,
VCOC01-0172-000-0324,MUEBLE INFERIOR COCINA GEOS RETAIL 4 PUERTAS 210X60 BLANCO RH-MITTE/TAMBO PARTE 2,,
VCOC01-0173-000-0321,MUEBLE SUPERIOR COCINA GEOS RETAIL 210X60 BLANCO RH-SODER/MALI PARTE 1,,
VCOC01-0173-000-0322,MUEBLE SUPERIOR COCINA GEOS RETAIL 210X60 BLANCO RH-GRACIA/SIKUANI PARTE 1,,
VCOC01-0173-000-0323,MUEBLE SUPERIOR COCINA GEOS RETAIL 210X60 BLANCO RH-AUSTRAL PARTE 1,,
VCOC01-0173-000-0324,MUEBLE SUPERIOR COCINA GEOS RETAIL 210X60 BLANCO RH-MITTE/TAMBO PARTE 1,,
VCOC01-0174-000-0321,MUEBLE SUPERIOR COCINA GEOS RETAIL 210X60 BLANCO RH-SODER/MALI PARTE 2,,
VCOC01-0174-000-0322,MUEBLE SUPERIOR COCINA GEOS RETAIL 210X60 BLANCO RH-GRACIA/SIKUANI PARTE 2,,
VCOC01-0174-000-0323,MUEBLE SUPERIOR COCINA GEOS RETAIL 210X60 BLANCO RH-AUSTRAL PARTE 2,,
VCOC01-0174-000-0324,MUEBLE SUPERIOR COCINA GEOS RETAIL 210X60 BLANCO RH-MITTE/TAMBO PARTE 2,,
VCOC01-0175-000-0321,MUEBLE INFERIOR COCINA GEOS RETAIL HORNO 210X60 BLANCO RH-SODER/MALI PARTE 1,,
VCOC01-0175-000-0322,MUEBLE INFERIOR COCINA GEOS RETAIL HORNO 210X60 BLANCO RH-GRACIA/SIKUANI PARTE 1,,
VCOC01-0175-000-0323,MUEBLE INFERIOR COCINA GEOS RETAIL HORNO 210X60 BLANCO RH-AUSTRAL PARTE 1,,
VCOC01-0175-000-0324,MUEBLE INFERIOR COCINA GEOS RETAIL HORNO 210X60 BLANCO RH-MITTE/TAMBO PARTE 1,,
VCOC01-0176-000-0321,MUEBLE INFERIOR COCINA GEOS RETAIL HORNO 210X60 BLANCO RH-SODER/MALI PARTE 2,,
VCOC01-0176-000-0322,MUEBLE INFERIOR COCINA GEOS RETAIL HORNO 210X60 BLANCO RH-GRACIA/SIKUANI PARTE 2,,
VCOC01-0176-000-0323,MUEBLE INFERIOR COCINA GEOS RETAIL HORNO 210X60 BLANCO RH-AUSTRAL PARTE 2,,
VCOC01-0176-000-0324,MUEBLE INFERIOR COCINA GEOS RETAIL HORNO 210X60 BLANCO RH-MITTE/TAMBO PARTE 2,,
VCOC01-0183-000-0100,RH MUEBLE INFERIOR COCINA ZAREL FPK 150X60CM BLANCO,,
VCOC01-0184-000-0100,RH MUEBLE SUPERIOR COCINA ZAREL FPK 150X60CM BLANCO,,
VCOC01-0189-000-0321,MUEBLE BARRA COCINA AMBAR 120x55CM CANTO 2MM BLANCO RH/SODER-MALI,,
VCOC01-0189-000-0322,MUEBLE BARRA COCINA AMBAR 120x55CM CANTO 2MM BLANCO RH/NOLA-GRACIA,,
VCOC01-0189-000-0323,MUEBLE BARRA COCINA AMBAR 120x55CM CANTO 2MM BLANCO RH/AUSTRAL,,
VCOC01-0189-000-0324,MUEBLE BARRA COCINA AMBAR 120x55CM CANTO 2MM BLANCO RH/MITTE-TAMBO,,
VCOC01-0190-000-0321,MUEBLE INFERIOR COCINA VIVE 150X55CM BLANCO RH/SODER-MALI,,
VCOC01-0190-000-0322,MUEBLE INFERIOR COCINA VIVE 150X55CM BLANCO RH/NOLA-GRACIA,,
VCOC01-0190-000-0323,MUEBLE INFERIOR COCINA VIVE 150X55CM BLANCO RH/AUSTRAL,,
VCOC01-0190-000-0324,MUEBLE INFERIOR COCINA VIVE 150X55CM BLANCO RH/MITTE-TAMBO,,
VCOC01-0191-000-0321,MBLE INF COCINA ZAFIRO 180X60 BLANCO RH/SODER-MALI,,
VCOC01-0191-000-0322,MBLE INF COCINA ZAFIRO 180X60 BLANCO RH/NOLA-GRACIA,,
VCOC01-0191-000-0323,MBLE INF COCINA ZAFIRO 180X60 BLANCO RH/AUSTRAL,,
VCOC01-0191-000-0324,MBLE INF COCINA ZAFIRO 180X60 BLANCO RH/MITTE-TAMBO,,
VCOC01-0192-000-0321,MBLE SUP COCINA ZAFIRO 180X60 PARA CAMPANA BLANCO RH/SODER-MALI,,
VCOC01-0192-000-0322,MBLE SUP COCINA ZAFIRO 180X60 PARA CAMPANA BLANCO RH/NOLA-GRACIA,,
VCOC01-0192-000-0323,MBLE SUP COCINA ZAFIRO 180X60 PARA CAMPANA BLANCO RH/AUSTRAL,,
VCOC01-0192-000-0324,MBLE SUP COCINA ZAFIRO 180X60 PARA CAMPANA BLANCO RH/MITTE-TAMBO,,
VCOC01-0193-000-0321,MBLE SUP COCINA ZAFIRO 180X60 PARA MICROONDAS BLANCO RH/SODER-MALI,,
VCOC01-0193-000-0322,MBLE SUP COCINA ZAFIRO 180X60 PARA MICROONDAS BLANCO RH/NOLA-GRACIA,,
VCOC01-0193-000-0323,MBLE SUP COCINA ZAFIRO 180X60 PARA MICROONDAS BLANCO RH/AUSTRAL,,
VCOC01-0193-000-0324,MBLE SUP COCINA ZAFIRO 180X60 PARA MICROONDAS BLANCO RH/MITTE-TAMBO,,
VCOC01-0197-000-0321,KIT COCINA OBRA 120X55 PARA REBANCO BLANCO RH/SODER-MALI,,
VCOC01-0197-000-0322,KIT COCINA OBRA 120X55 PARA REBANCO BLANCO RH/NOLA-GRACIA,,
VCOC01-0197-000-0323,KIT COCINA OBRA 120X55 PARA REBANCO BLANCO RH/AUSTRAL,,
VCOC01-0197-000-0324,KIT COCINA OBRA 120X55 PARA REBANCO BLANCO RH/MITTE-TAMBO,,
VCOC01-0198-000-0321,MUEBLE SUPERIOR COCINA CORAL 180CM BLANCO RH/ SODER-MALI,,
VCOC01-0198-000-0322,MUEBLE SUPERIOR COCINA CORAL 180CM BLANCO RH/ NOLA-GRACIA,,
VCOC01-0198-000-0323,MUEBLE SUPERIOR COCINA CORAL 180CM BLANCO RH/AUSTRAL,,
VCOC01-0198-000-0324,MUEBLE SUPERIOR COCINA CORAL 180CM BLANCO RH/MITTE-TAMBO,,
VCOC01-0198-KND-0321,MUEBLE SUPERIOR COCINA CORAL 180CM BLANCO RH/ SODER-MALI-KENNEDY,,
VCOC01-0198-KND-1342,MUEBLE SUPERIOR COCINA CORAL 180CM BLANCO RH/ CANDELARIA AMAZONAS-KENNEDY,,
VCOC01-0198-KND-1371,MUEBLE SUPERIOR COCINA CORAL 180CM BLANCO RH/ NARDO-KENNEDY,,
VCOC01-0199-000-0321,MUEBLE INFERIOR COCINA CORAL 180X60CM BLANCO RH/SODER-MALI,,
VCOC01-0199-000-0322,MUEBLE INFERIOR COCINA CORAL 180X60CM BLANCO RH/NOLA-GRACIA,,
VCOC01-0199-000-0323,MUEBLE INFERIOR COCINA CORAL 180X60CM BLANCO RH/AUSTRAL,,
VCOC01-0199-000-0324,MUEBLE INFERIOR COCINA CORAL 180X60CM BLANCO RH/ MITTE-TAMBO,,
VCOC01-0199-KND-0321,MUEBLE INFERIOR COCINA CORAL 180X60CM BLANCO RH/SODER-MALI-KENNEDY,,
VCOC01-0199-KND-0324,MUEBLE INFERIOR COCINA CORAL 180X60CM BLANCO RH/ MITTE-TAMBO-KENNEDY,,
VCOC01-0199-KND-1342,MUEBLE INFERIOR COCINA CORAL 180X60CM BLANCO RH/CANDELARIA AMAZONAS-KENNEDY,,
VCOC01-0199-KND-1371,MUEBLE INFERIOR COCINA CORAL 180X60CM BLANCO RH/NARDO-KENNEDY,,
VEXH01-0004-000-0100,RH MUEBLE EXHIBIDOR MODULO 1X1 BLANCO,,
VEXH01-0005-000-0100,EXHIBIDOR LAVARROPAS 60-70-90,,
VEXH01-0006-000-0100,EXHIBIDOR LVP 63X51 X3-COMBINACION 1,,
VEXH01-0007-000-0100,EXHIBIDOR LVP 84X56 X3-COMBINACION 2,,
VEXH01-0008-000-0100,EXHIBIDOR LVP 84X51 X3-COMBINACION 3,,
VEXH01-0009-000-0100,EXHIBIDOR LVP 63X51 X2+84X56 X1-COMBINACION 4,,
VEXH01-0010-000-0100,EXHIBIDOR LVP 63X51 X2+84X51 X1-COMBINACION 5,,
VEXH01-0011-000-0100,EXHIBIDOR LVP 84X56 X2+63X51 X1-COMBINACION 6,,
VEXH01-0012-000-0100,EXHIBIDOR LVP 84X56 X2+84X51 X1-COMBINACION 7,,
VEXH01-0013-000-0100,EXHIBIDOR LVP 84X51 X2+63X51 X1-COMBINACION 8,,
VEXH01-0014-000-0100,EXHIBIDOR LVP 84X51 X2+84X56 X1-COMBINACION 9,,
VEXH01-0015-000-0100,EXHIBIDOR LVP 84X51 X1+ 84X56 X1+ 63X51 X1-COMBINACION 10,,
VEXH01-0016-000-0100,ESTRUCTURA GENERAL MUEBLE EXHIBIDOR 100 LVP-POP GENERICO BLANCO,,
VEXH01-0017-000-0100,ENTREPA�O MUEBLE EXHIBIDOR 100 LVP 63X51,,
VEXH01-0017-MRH-0100,RH ENTREPA�O MUEBLE EXHIBIDOR 100 LVP 63X51,,
VEXH01-0018-000-0100,ENTREPA�O MUEBLE EXHIBIDOR 100 LVP 84X51,,
VEXH01-0018-MRH-0100,RH ENTREPA�O MUEBLE EXHIBIDOR LVP 84X51 BLANCO,,
VEXH01-0019-000-0100,ENTREPA�O MUEBLE EXHIBIDOR 100 LVP 84X56,,
VEXH01-0019-MRH-0100,RH ENTREPA�O MUEBLE EXHIBIDOR 100 LVP 84X56,,
VEXH01-0020-000-0100,ENTREPA�O MUEBLE EXHIBIDOR 100 LVR 60X60,,
VEXH01-0020-MRH-0100,RH ENTREPA�O MUEBLE EXHIBIDOR 100 LVR 60X60,,
VEXH01-0021-000-0100,ENTREPA�O MUEBLE EXHIBIDOR 100 LVR 70X60,,
VEXH01-0021-MRH-0100,RH ENTREPA�O MUEBLE EXHIBIDOR 100 LVR 70X60,,
VEXH01-0022-000-0100,ENTREPA�O MUEBLE EXHIBIDOR 100 LVR 90X60,,
VEXH01-0022-MRH-0100,RH ENTREPA�O MUEBLE EXHIBIDOR 100 LVR 90X60,,
VEXH01-0023-000-0100,ENTREPA�O MUEBLE EXHIBIDOR 100 LVR 46X51 BLANCO,,
VEXH01-0023-MRH-0100,RH ENTREPA�O MUEBLE EXHIBIDOR 100 LVR 46X51 BLANCO,,
VEXH01-0024-000-0100,ENTREPA�O MUEBLE EXHIBIDOR 100 LVR 48X60,,
VEXH01-0024-MRH-0100,RH ENTREPA�O MUEBLE EXHIBIDOR 100 LVR 48X60,,
VEXH01-0025-000-0100,ENTREPA�O MUEBLE EXHIBIDOR 100 LVR 50X50,,
VEXH01-0025-MRH-0100,RH ENTREPA�O MUEBLE EXHIBIDOR 100 LVR 50X50,,
VEXH01-0026-000-0100,ENTREPA�O MUEBLE EXHIBIDOR 100 LVR 80X60,,
VEXH01-0026-MRH-0100,RH ENTREPA�O MUEBLE EXHIBIDOR LVR 80X60,,
VEXH01-0028-000-0100,ESTRUCTURA GENERAL MUEBLE EXHIBIDOR 100 LVP/LVR SIN POP BLANCO,,
VEXH01-0029-000-0100,ESTRUCTURA GENERAL MUEBLE EXHIBIDOR 100 LVR-POP ESPECIAL BLANCO,,
VEXH01-0030-000-0100,ESTRUCTURA GENERAL MUEBLE EXHIBIDOR AUTOPORTANTE 100 LVP/LVR SIN POP BLANCO,,
VEXH01-0031-000-0100,ESTRUCTURA GENERAL MUEBLE EXHIBIDOR AUTOPORTANTE 100 LVP-POP GENERICO BLANCO,,
VEXH01-0032-000-0100,ESTRUCTURA GENERAL MUEBLE EXHIBIDOR AUTOPORTANTE 100 LVR-POP ESPECIAL BLANCO,,
VEXH01-0033-000-0100,ESTRUCTURA GENERAL MUEBLE EXHIBIDOR AUTOPORTANTE 100 LVR-POP GENERICO BLANCO,,
VEXH01-0034-000-0100,ESTRUCTURA GENERAL MBLE EXHIBIDOR AUTOPORTANTE 60 LVM LVR-POP GENERICO BLANCO,,
VEXH01-0035-000-0100,ESTRUCTURA GENERAL MBLE EXHIBIDOR AUTOPORTANTE 60 LVM LVR SIN POP BLANCO,,
VEXH01-0036-000-0100,RH ENTREPA�O MUEBLE EXHIBIDOR 60 LVM 40X30 BLANCO,,
VEXH01-0037-000-0100,RH ENTREPA�O MUEBLE EXHIBIDOR 60 LVM 48X38 BLANCO,,
VEXH01-0038-000-0100,RH ENTREPA�O MUEBLE EXHIBIDOR 60 LVM 48X43 BLANCO,,
VEXH01-0039-MRH-0100,RH ENTREPA�O MUEBLE EXHIBIDOR LVR 46X51+ LVT 40X35 BLANCO,,
VEXH01-0040-MRH-0100,RH ENTREPA�O MUEBLE EXHIBIDOR LVM IGUAZU X2 BLANCO,,
VEXH01-0043-000-0100,ENTREPA�O MUEBLE EXHIBIDOR 100 LVR 46X51 BLANCO,,
VEXH01-0044-000-0100,MUEBLE EXHIBIDOR COCINAS 240X221.5 CM-POP GENERICO BLANCO,,
VEXH01-0044-MRH-0100,RH MUEBLE EXHIBIDOR COCINAS 240X221.5 CM-POP GENERICO BLANCO,,
VEXH01-0045-MRH-0100,RH MUEBLE EXHIBIDOR COCINAS 240X221.5 CM-POP ESPECIAL BLANCO,,
VEXH01-0046-000-0100,ENTREPA�O MUEBLE EXHIBIDOR 100 LVR 100X70CM SIN PERFORACION BLANCO,,
VEXH01-0047-000-0100,ENTREPA�O MUEBLE EXHIBIDOR 100 LVP 100X70CM SIN PERFORACION BLANCO,,
VEXH01-0048-000-0100,RH ENTREPA�O MUEBLE EXHIBIDOR 60 LVR 46X51 BLANCO,,
VROP03-0001-000-0100,RH MUEBLE LVR 46X51 CON MANIJAS BLANCO,"Cambio progresivo, RH por CARB2-PUR",
VROP03-0002-000-0100,RH MUEBLE LVR 48x60 BLANCO,"Cambio progresivo, RH por CARB2-PUR",
VROP03-0002-SCH-0100,RH MUEBLE LVR 48X60 BLANCO SODIMAC CHILE,"Cambio progresivo, RH por CARB2-PUR",
VROP03-0003-SCH-0100,RH MUEBLE LVR 60X60 BLANCO SODIMAC CHILE,"Cambio progresivo, RH por CARB2-PUR",
VROP03-0004-000-0100,RH MUEBLE LVR 80X60 BLANCO,"Cambio progresivo, RH por CARB2-PUR",
VROP03-0006-000-0100,RH MUEBLE LVT 40X35 BLANCO,,
VROP03-0008-000-0100,RH MUEBLE LVR 90X60 BLANCO,"Cambio progresivo, RH por CARB2-PUR",
VROP03-0010-000-0100,RH MUEBLE LVR 50X50 BLANCO,"Cambio progresivo, RH por CARB2-PUR",
VROP03-0010-SCH-0100,RH MUEBLE LVR 50X50 BLANCO SODIMAC CHILE,"Cambio progresivo, RH por CARB2-PUR",
VROP03-0012-000-0100,RH MUEBLE LVR 70X60 BLANCO,"Cambio progresivo, RH por CARB2-PUR",
VROP03-0018-000-0100,RH MUEBLE SOPORTE ELEVADO 50X50,,
VROP03-0021-000-0100,RH MUEBLE LVR 40X35 BLANCO,"Cambio progresivo, RH por CARB2-PUR",
VROP03-0021-PTT-0100,MUEBLE LVR 40X35 BLANCO PROTOTIPO NO PROG SIN AUT DE DISENO,"Cambio progresivo, RH por CARB2-PUR",
VROP03-0022-000-0100,RH MUEBLE LVR 46X51 SIN MANIJAS BLANCO,"Cambio progresivo, RH por CARB2-PUR",
VROP03-0023-000-0100,RH MUEBLE LVR 48X60 SIN MANIJAS BLANCO,"Cambio progresivo, RH por CARB2-PUR",
VROP03-0024-000-0100,RH MUEBLE LVR 70X60 SIN MANIJAS BLANCO,"Cambio progresivo, RH por CARB2-PUR",
VROP03-0025-MRH-0100,RH MUEBLE LVR KUB ELEVADO 50X50 BLANCO,"Cambio progresivo, RH por CARB2-PUR",
VROP03-0026-MRH-0100,RH MUEBLE LVR KUB ELEVADO 46X51 BLANCO,"Cambio progresivo, RH por CARB2-PUR",
VROP03-0027-MRH-0100,RH MUEBLE LVR KUB ELEVADO 60X60 BLANCO,"Cambio progresivo, RH por CARB2-PUR",
VROP03-0028-000-0100,RH MUEBLE LVR KUB 55X50 BLANCO,"Cambio progresivo, RH por CARB2-PUR",
VROP03-0028-MRH-0100,RH MUEBLE LVR KUB 55X50 BLANCO,"Cambio progresivo, RH por CARB2-PUR",
VROP03-0029-MRH-0100,RH MUEBLE LVR PISO 55X50 BLANCO,"Cambio progresivo, RH por CARB2-PUR",
VROP03-0030-000-1357,RH MUEBLE LVR PISO 48X51 CANDELARIA MATE,"Cambio progresivo, RH por CARB2-PUR",
VROP03-0031-000-0100,RH MUEBLE LVR 46X51 SIN PUERTAS BLANCO,"Cambio progresivo, RH por CARB2-PUR",
VROP07-0001-000-0100,RH MUEBLE LVR PRO 60X60 CANTO 2MM BLANCO,"Cambio progresivo, RH por CARB2-PUR",
VROP07-0001-SCH-0100,RH MUEBLE LVR PRO 60X60 CANTO 2MM BLANCO SODIMAC CHILE,"Cambio progresivo, RH por CARB2-PUR",
VROP07-0002-000-0100,RH MUEBLE LVR PRO 100X60 CANTO 2MM BLANCO,"Cambio progresivo, RH por CARB2-PUR",
VROP07-0003-000-0100,RH MUEBLE LVR PRO 140X60 PARA LAVADORA CANTO 2MM BLANCO,"Cambio progresivo, RH por CARB2-PUR",
VROP07-0004-000-0100,RH MUEBLE LVR BARRA PRO 140X60 C/ TOLVAS CANTO 2MM BLANCO,"Cambio progresivo, RH por CARB2-PUR",
VROP07-0005-000-0100,RH MUEBLE LVT PRO CANTO 2MM 46X36 BLANCO,,
VROP07-0006-000-0100,RH MUEBLE AUXILIAR ESCOBAS LVT PRO CANTO 2MM 46X36 BLANCO,,
VROP07-0009-000-0100,RH MUEBLE SUPERIOR PRO CANTO 2MM 75 BLANCO,,
VROP07-0012-000-0100,RH MUEBLE SUPERIOR PRO 70 CANTO 2MM BLANCO,,
VROP07-0013-000-0100,RH MUEBLE SUPERIOR PRO CANTO 2MM 30 BLANCO,,
VROP11-0001-MRH-0100,RH MUEBLE LVR KUB 50X50 ARMADO BLANCO,"Cambio progresivo, RH por CARB2-PUR",
VROP11-0003-000-0100,RH MUEBLE LVR 40X35 ARMADO BLANCO,"Cambio progresivo, RH por CARB2-PUR",
VROP12-0001-MRH-0100,RH MUEBLE SUPERIOR PRO 70 CANTO 2MM ARMADO BLANCO,,
VROP12-0002-MRH-0100,RH MUEBLE SUPERIOR PRO CANTO 2MM 30 ARMADO BLANCO,,
VROP12-0003-MRH-0100,RH MUEBLE LVR PRO 60X60 CANTO 2MM ARMADO BLANCO,"Cambio progresivo, RH por CARB2-PUR",